{"stats":{"minecraft:dropped":{"minecraft:iron_sword":6,"minecraft:lapis_lazuli":76,"gamma_beasts:gamma_reactor":10,"minecraft:crossbow":2,"born_in_chaos_v1:sea_terror_stomach":1,"minecraft:warped_roots":1,"minecraft:black_bed":1,"minecraft:dark_oak_button":2,"bakery:bread_knife":1,"minecraft:leather_helmet":1,"minecraft:item_frame":1,"minecraft:red_carpet":4,"minecraft:dirt":7585,"gamma_beasts:book":2,"minecraft:gray_concrete":1,"faded_conquest_2:key_of_conquest":1,"alexsmobs:flying_fish":1,"beachparty:rubber_ring_pelican":4,"born_in_chaos_v1:mint_ice_cream":3,"minecraft:sand":314,"minecraft:chain":1,"bakery:linzer_tart":1,"minecraft:gold_nugget":77,"minecraft:bone_meal":5,"minecraft:sugar":35,"scalinghealth:chance_heart":1,"born_in_chaos_v1:death_totem":4,"minecraft:bone":10,"bakery:oat_seeds":32,"minecraft:emerald_block":28,"minecraft:cooked_chicken":1,"minecraft:cobbled_deepslate":382,"minecraft:wheat":18,"rpgsmw:steel":20,"minecraft:obsidian":12,"minecraft:rotten_flesh":82,"minecraft:oak_planks":88,"born_in_chaos_v1:smoked_flesh":2,"alexsmobs:emu_egg":2,"bakery:cake_stand":1,"minecraft:salmon":2,"endrem:undead_soul":1,"minecraft:chiseled_deepslate":10,"beachparty:rubber_ring_axolotl":1,"supplementaries:flax_seeds":8,"minecraft:deepslate_tiles":182,"minecraft:jungle_log":5,"minecraft:leather_boots":5,"gamma_beasts:crystal_pearl":2,"minecraft:leather_leggings":2,"minecraft:spruce_slab":6,"minecraft:glass":18,"toms_storage:ts.tag_item_filter":1,"born_in_chaos_v1:marigolds":21,"minecraft:enchanted_book":2,"minecraft:egg":3,"minecraft:iron_ingot":124,"minecraft:wheat_seeds":81,"minecraft:iron_helmet":1,"minecraft:cobblestone":10190,"minecraft:apple":2,"minecraft:deepslate_tile_slab":86,"born_in_chaos_v1:soul_cutlass":1,"minecraft:coal":46,"bakery:drawer":4,"rpgsmw:steel_paladin_armour_helmet":1,"bakery:apple_cupcake":1,"candlelight:tomato":3,"skilltree:gem":30,"minecraft:cherry_planks":33,"minecraft:cooked_salmon":4,"toms_storage:ts.trim":1,"minecraft:potion":2,"bakery:wall_cabinet":2,"minecraft:white_banner":1,"minecraft:paper":8,"minecraft:string":16,"minecraft:spruce_sapling":1,"minecraft:player_head":1,"minecraft:smooth_stone_slab":1,"minecraft:stone_shovel":1,"minecraft:clay_ball":16,"gamma_beasts:stamina_capsule":12,"minecraft:iron_boots":1,"bakery:cabinet":1,"minecraft:cherry_slab":34,"minecraft:shears":1,"minecraft:pumpkin_seeds":4,"minecraft:hay_block":2,"minecraft:potato":41,"rpgsmw:iron_one_handed_crossbow":1,"minecraft:diamond_pickaxe":1,"vinery:apple_tree_sapling":9,"minecraft:spruce_planks":10,"meds_and_herbs:bark_cherry":256,"tetra:modular_bow":2,"minecraft:barrel":1,"rpgsmw:steel_greatsword":1,"bakery:sweet_dough":7,"rpgsmw:miphrilignot":13,"minecraft:bow":1,"minecraft:dark_prismarine":7,"minecraft:cooked_rabbit":3,"farmersdelight:tomato":5,"jeg:semi_auto_rifle":1,"minecraft:nether_brick_stairs":4,"minecraft:spruce_sign":5,"minecraft:baked_potato":1,"bakery:strawberry":29,"gamma_beasts:prehnite":5,"minecraft:deepslate_tile_wall":28,"beachparty:palm_log":7,"minecraft:leather":5,"jeg:scrap":40,"gamma_beasts:birch_leaf":1,"gamma_beasts:accumulator_bag_cristal_pearl":3,"minecraft:deepslate_tile_stairs":36,"blocky_siege:cannon_ball_0":1,"born_in_chaos_v1:monster_skin":1,"minecraft:dark_oak_wood":1,"minecraft:seagrass":1,"born_in_chaos_v1:fel_lamp":1,"farmersdelight:sweet_berry_cookie":4,"minecraft:pumpkin_pie":5,"jeg:tech_trash":4,"minecraft:gold_ingot":144,"minecraft:gravel":3,"bountiful:bounty":1,"minecraft:cherry_stairs":16,"minecraft:smooth_sandstone_stairs":1,"minecraft:beetroot":26,"minecraft:white_candle":2,"minecraft:cooked_mutton":24,"minecraft:carrot":34,"minecraft:poppy":1,"toms_storage:ts.inventory_connector":1,"minecraft:leather_chestplate":2,"bakery:glowberry_tart":1,"bakery:brick_stove":1,"minecraft:gunpowder":1,"minecraft:azalea":1,"minecraft:melon_seeds":7,"born_in_chaos_v1:corpse_maggot":6,"faded_conquest_2:keyof_pestilence":1,"minecraft:iron_bars":2,"born_in_chaos_v1:dark_rod":1,"minecraft:bread":16,"bakery:baguette":6,"gamma_beasts:oak_leaf":77,"minecraft:golden_helmet":1,"minecraft:cherry_log":7,"gamma_beasts:coal_nugget":23,"minecraft:mossy_cobblestone":9,"vinery:dark_cherry_planks":14,"minecraft:diamond_leggings":1,"bakery:tray":2,"minecraft:prismarine_shard":1,"minecraft:golden_axe":2,"minecraft:lead":2,"bakery:sweetberry_cupcake":1,"minecraft:copper_ingot":128,"minecraft:grass_block":1,"minecraft:stick":5,"bakery:small_cooking_pot":2,"minecraft:blue_dye":3,"minecraft:milk_bucket":1,"minecraft:smooth_red_sandstone":1,"scalinghealth:heart_crystal":3,"bakery:dough":6,"bakery:baker_station":2,"minecraft:melon_slice":14,"minecraft:iron_axe":2,"minecraft:pink_petals":2,"minecraft:bucket":1,"minecraft:smooth_basalt":2,"minecraft:dandelion":2,"bakery:chocolate_glazed_cookie":2,"minecraft:raw_copper":49,"minecraft:tuff":7,"minecraft:raw_iron":118,"minecraft:light_gray_wool":1,"minecraft:stripped_acacia_wood":2,"toms_storage:ts.wireless_terminal":1,"gamma_beasts:green_apple":7,"minecraft:filled_map":8,"minecraft:shield":2,"minecraft:purple_bed":2,"rpgsmw:steelnugget":8,"minecraft:birch_sign":2,"minecraft:spruce_log":2,"minecraft:stone_pickaxe":4,"minecraft:raw_gold":13,"minecraft:calcite":1},"minecraft:custom":{"minecraft:interact_with_crafting_table":127,"minecraft:open_barrel":207,"minecraft:bell_ring":2,"minecraft:eat_cake_slice":35,"minecraft:leave_game":23,"minecraft:time_since_death":29965,"minecraft:play_time":3672565,"minecraft:deaths":103,"minecraft:jump":39865,"minecraft:enchant_item":5,"minecraft:interact_with_furnace":41,"minecraft:traded_with_villager":16,"minecraft:interact_with_cartography_table":2,"minecraft:sleep_in_bed":220,"minecraft:damage_dealt":860323,"minecraft:interact_with_smoker":7,"minecraft:inspect_dispenser":19,"minecraft:horse_one_cm":14256,"minecraft:interact_with_smithing_table":2,"minecraft:interact_with_anvil":11,"minecraft:damage_dealt_absorbed":387,"minecraft:sneak_time":47637,"minecraft:interact_with_blast_furnace":42,"minecraft:total_world_time":3672565,"minecraft:tune_noteblock":12,"minecraft:interact_with_stonecutter":22,"minecraft:time_since_rest":11157,"minecraft:swim_one_cm":872104,"minecraft:fly_one_cm":7874420,"minecraft:open_chest":1745,"minecraft:fish_caught":12,"minecraft:fall_one_cm":999271,"minecraft:damage_resisted":4181,"minecraft:sprint_one_cm":5909057,"minecraft:drop":799,"minecraft:play_noteblock":2,"minecraft:talked_to_villager":132,"minecraft:interact_with_brewingstand":5,"minecraft:walk_on_water_one_cm":474935,"minecraft:player_kills":5,"minecraft:crouch_one_cm":128185,"minecraft:mob_kills":2097,"minecraft:fill_cauldron":1,"minecraft:interact_with_campfire":46,"minecraft:damage_dealt_resisted":61659,"minecraft:climb_one_cm":102441,"minecraft:walk_one_cm":10486979,"minecraft:walk_under_water_one_cm":544252,"minecraft:raid_trigger":1,"minecraft:interact_with_grindstone":6,"minecraft:damage_taken":233142,"minecraft:damage_absorbed":80},"minecraft:killed":{"minecraft:cave_spider":71,"born_in_chaos_v1:mr_pumpkin":30,"born_in_chaos_v1:restless_spirit":11,"born_in_chaos_v1:zombie_lumberjack":15,"born_in_chaos_v1:skeleton_demoman":2,"born_in_chaos_v1:door_knight_not_despawn":1,"born_in_chaos_v1:sir_the_headless":2,"born_in_chaos_v1:siamese_skeletonsright":7,"minecraft:zombie_horse":1,"born_in_chaos_v1:baby_skeleton_minion":10,"minecraft:skeleton":149,"minecraft:chicken":12,"born_in_chaos_v1:skeleton_thrasher":2,"born_in_chaos_v1:supreme_bonescaller_stage_2":2,"minecraft:skeleton_horse":3,"jeg:ghoul":3,"minecraft:magma_cube":5,"minecraft:salmon":9,"minecraft:pillager":17,"minecraft:zombie":246,"born_in_chaos_v1:corpse_fly":79,"cataclysm:deepling":1,"born_in_chaos_v1:door_knight":6,"takesapillage:archer":1,"minecraft:cow":31,"minecraft:vindicator":1,"born_in_chaos_v1:skeleton_thrasher_not_despawn":3,"faded_conquest_2:blocknight_paladin":2,"born_in_chaos_v1:pumpkinhead":2,"born_in_chaos_v1:dire_hound_leader":3,"born_in_chaos_v1:barrel_zombie":3,"born_in_chaos_v1:spiritof_chaos":4,"born_in_chaos_v1:spirit_guide":1,"minecraft:husk":23,"born_in_chaos_v1:bone_imp_minion":17,"born_in_chaos_v1:decrepit_skeleton":73,"alexsmobs:catfish":2,"born_in_chaos_v1:bloody_gadfly":4,"born_in_chaos_v1:dark_vortex":11,"minecraft:enderman":8,"born_in_chaos_v1:lifestealer_true_form":4,"born_in_chaos_v1:zombie_clown":9,"minecraft:witch":3,"born_in_chaos_v1:seared_spirit":1,"minecraft:spider":97,"faded_conquest_2:toxicrow":2,"born_in_chaos_v1:scarlet_persecutor":5,"minecraft:silverfish":12,"minecraft:turtle":1,"gamma_beasts:diamond_golem_c":1,"minecraft:piglin_brute":11,"minecraft:piglin":9,"born_in_chaos_v1:bonescaller":6,"minecraft:pig":23,"minecraft:zombie_villager":9,"born_in_chaos_v1:diamond_termite":13,"born_in_chaos_v1:glutton_fish":2,"gamma_beasts:careyatros_a":2,"minecraft:creeper":15,"minecraft:sheep":19,"born_in_chaos_v1:zombie_fisherman":1,"born_in_chaos_v1:dread_hound":34,"alexsmobs:terrapin":1,"minecraft:stray":23,"alexsmobs:fly":8,"alexsmobs:komodo_dragon":1,"born_in_chaos_v1:siamese_skeletonsleft":3,"minecraft:vex":6,"born_in_chaos_v1:missioner":1,"born_in_chaos_v1:zombie_bruiser":11,"born_in_chaos_v1:maggot":109,"minecraft:phantom":11,"minecraft:drowned":7,"born_in_chaos_v1:corpse_fish":22,"alexsmobs:skreecher":1,"alexsmobs:flying_fish":1,"born_in_chaos_v1:siamese_skeletons":1,"born_in_chaos_v1:felsteed":2,"born_in_chaos_v1:baby_skeleton":23,"born_in_chaos_v1:swarmer":9,"takesapillage:skirmisher":3,"minecraft:hoglin":6,"minecraft:squid":1,"alexsmobs:emu":1,"born_in_chaos_v1:decaying_zombie":6,"gamma_beasts:careyatros_c":2,"born_in_chaos_v1:bonescaller_not_despawn":5,"born_in_chaos_v1:nightmare_stalker":8,"creature_compendium:moleman":1,"minecraft:wither_skeleton":18,"minecraft:villager":2},"minecraft:broken":{"rpgsmw:steel_paladin_armour_boots":6,"minecraft:iron_boots":4,"minecraft:iron_chestplate":1,"minecraft:iron_leggings":3,"born_in_chaos_v1:damned_demomans_hat_helmet":1,"minecraft:wooden_pickaxe":1,"beachparty:rubber_ring_pelican":1,"minecraft:iron_axe":6,"minecraft:iron_pickaxe":4,"minecraft:iron_helmet":4,"gamma_beasts:prehnite_axe":1,"minecraft:golden_helmet":1,"rpgsmw:stone_greatsword":1,"minecraft:iron_shovel":49,"minecraft:golden_leggings":1,"rpgsmw:steel_paladin_armour_helmet":6,"minecraft:stone_pickaxe":4,"rpgsmw:steel_paladin_armour_leggings":6,"minecraft:stone_axe":1,"minecraft:wooden_axe":1,"rpgsmw:steel_greatsword":1,"rpgsmw:steel_paladin_armour_chestplate":6,"minecraft:stone_shovel":7,"gamma_beasts:prehnite_shovel":3,"minecraft:flint_and_steel":1,"gamma_beasts:prehnite_pickaxe":7,"minecraft:diamond_axe":1,"rpgsmw:copper_spear":1,"minecraft:leather_boots":1,"minecraft:golden_pickaxe":1,"rpgsmw:iron_greatsword":1},"minecraft:used":{"minecraft:chiseled_deepslate":698,"minecraft:dispenser":3,"farmersdelight:cabbage_seeds":21,"minecraft:ladder":4,"minecraft:chest":73,"minecraft:stone":1,"toms_storage:ts.paint_kit":15,"toms_storage:ts.inventory_cable":15,"gamma_beasts:prehnite_pickaxe":2124,"ironchest:iron_chest":3,"born_in_chaos_v1:smoked_flesh":37,"minecraft:lava_bucket":1,"born_in_chaos_v1:nightmare_stalker_skull":1,"minecraft:bow":44,"minecraft:furnace":1,"minecraft:potato":212,"minecraft:damaged_anvil":2,"toms_storage:ts.inventory_connector":12,"minecraft:wooden_pickaxe":49,"brewery:corn_seeds":9,"minecraft:jungle_boat":1,"minecraft:glow_berries":23,"minecraft:golden_apple":3,"minecraft:sand":11,"gamma_beasts:prehnite_axe":265,"minecraft:stripped_cherry_wood":35,"gamma_beasts:blackberry":3,"minecraft:pumpkin_seeds":10,"minecraft:deepslate_tiles":907,"minecraft:birch_fence":2,"gamma_beasts:crystal_pearl":11,"rpgsmw:steel_greatsword":825,"scalinghealth:enchanted_heart":3,"minecraft:lectern":26,"beachparty:seashell":1,"beachparty:palm_log":1,"minecraft:wooden_sword":57,"rpgsmw:steel_paladin_armour_leggings":1,"minecraft:oak_boat":5,"vinery:apple_log":13,"ironchest:wood_to_iron_chest_upgrade":27,"rpgsmw:stone_greatsword":128,"born_in_chaos_v1:fried_maggot":10,"minecraft:cooked_salmon":2,"minecraft:stick":1,"minecraft:torch":1634,"toms_storage:ts.crafting_terminal":6,"minecraft:iron_block":3,"minecraft:iron_axe":2720,"minecraft:cherry_slab":1423,"minecraft:jungle_log":13,"minecraft:beef":3,"gamma_beasts:placas_maker_off":2,"minecraft:cobbled_deepslate":72,"minecraft:cherry_fence":11,"minecraft:cherry_log":990,"minecraft:wheat_seeds":62,"alexsmobs:cooked_catfish":2,"born_in_chaos_v1:mint_ice_cream":2,"minecraft:water_bucket":99,"minecraft:cherry_planks":254,"minecraft:cauldron":1,"minecraft:mossy_cobblestone":1,"minecraft:crafting_table":10,"minecraft:tnt":7,"minecraft:white_bed":34,"minecraft:cake":1,"minecraft:spruce_log":21,"gamma_beasts:prehnite_shovel":907,"minecraft:deepslate_tile_wall":474,"minecraft:dark_prismarine":2,"minecraft:diamond_pickaxe":91,"minecraft:iron_pickaxe":1279,"minecraft:cobblestone":745,"minecraft:purple_bed":54,"vinery:cherry":37,"minecraft:cooked_porkchop":70,"minecraft:black_candle":1,"bakery:linzer_tart":2,"minecraft:cherry_sapling":98,"minecraft:iron_shovel":12409,"toms_storage:ts.inventory_proxy":4,"minecraft:bone_block":2,"minecraft:decorated_pot":3,"minecraft:iron_sword":7252,"toms_storage:ts.storage_terminal":7,"gamma_beasts:thin_oak_log":5,"toms_storage:ts.inventory_hopper_basic":2,"minecraft:jungle_planks":8,"minecraft:carrot":46,"minecraft:deepslate_tile_slab":783,"minecraft:obsidian":2,"enchantinginfuser:advanced_enchanting_infuser":1,"farmersdelight:sweet_berry_cookie":32,"rpgsmw:steel_paladin_armour_boots":2,"rpgsmw:copper_spear":182,"farmersdelight:tomato":2,"rpgsmw:miphril_spear":2057,"minecraft:lantern":25,"gamma_beasts:pear_bush":2,"minecraft:light_blue_bed":4,"minecraft:item_frame":2,"blocky_siege:cannon_ball_0":2,"minecraft:magma_block":1,"jeg:semi_auto_rifle":16,"minecraft:gold_block":2,"minecraft:dark_oak_sapling":30,"minecraft:stone_pickaxe":684,"minecraft:mangrove_planks":29,"minecraft:oak_planks":90,"minecraft:ender_pearl":1,"minecraft:redstone_block":1,"minecraft:diamond_axe":1542,"minecraft:sugar_cane":14,"gamma_beasts:cooked_meat":1,"minecraft:crossbow":6,"minecraft:black_bed":5,"minecraft:redstone_torch":4,"minecraft:bread":217,"minecraft:melon_slice":135,"born_in_chaos_v1:marigolds":7,"born_in_chaos_v1:smoked_monster_flesh":1,"minecraft:gravel":3,"ironchest:iron_to_gold_chest_upgrade":11,"born_in_chaos_v1:rotten_fish":1,"rpgsmw:iron_one_handed_crossbow":1,"minecraft:grindstone":1,"born_in_chaos_v1:river_mint":2,"toms_storage:ts.inventory_cable_framed":33,"minecraft:andesite":10,"minecraft:coarse_dirt":3,"minecraft:bone_meal":115,"minecraft:golden_pickaxe":21,"minecraft:experience_bottle":3,"gamma_beasts:green_apple_bush":2,"minecraft:cherry_wood":89,"minecraft:flint_and_steel":64,"minecraft:stone_shovel":929,"minecraft:redstone":1,"gamma_beasts:green_apple":101,"minecraft:spruce_planks":28,"supplementaries:sconce":4,"minecraft:cooked_chicken":25,"minecraft:dirt":3687,"scalinghealth:heart_crystal":148,"toms_storage:ts.trim":33,"minecraft:iron_hoe":107,"minecraft:wooden_axe":59,"minecraft:dark_oak_planks":10,"minecraft:bookshelf":27,"rpgsmw:iron_greatsword":224,"minecraft:cherry_trapdoor":1,"scalinghealth:power_crystal":12,"minecraft:deepslate_tile_stairs":494,"scalinghealth:bandages":1,"brewery:pretzel":27,"gamma_beasts:lemon_bush":2,"minecraft:cooked_beef":65,"minecraft:iron_leggings":1,"minecraft:cooked_mutton":16,"minecraft:acacia_boat":5,"minecraft:baked_potato":293,"minecraft:copper_block":7,"scalinghealth:chance_heart":6,"minecraft:stonecutter":2,"minecraft:lime_bed":3,"endrem:rogue_eye":1,"minecraft:apple":229,"blocky_siege:cannon":3,"minecraft:stone_axe":135,"minecraft:fishing_rod":23,"minecraft:cherry_stairs":60,"minecraft:bucket":102,"minecraft:pumpkin_pie":10},"minecraft:crafted":{"minecraft:black_dye":2,"rpgsmw:blue_fabric":27,"minecraft:bookshelf":35,"minecraft:glass":0,"minecraft:deepslate":0,"minecraft:emerald":7,"rpgsmw:miphrilignot":10,"minecraft:chiseled_deepslate":9,"minecraft:gold_ingot":7,"minecraft:stone_shovel":6,"minecraft:bone_meal":210,"minecraft:cherry_trapdoor":6,"minecraft:ladder":63,"minecraft:deepslate_tile_wall":1,"minecraft:redstone_block":13,"minecraft:wheat":27,"rpgsmw:fabric":17,"ironchest:wood_to_iron_chest_upgrade":20,"rpgsmw:steel":53,"minecraft:deepslate_tiles":512,"minecraft:enchanted_book":2,"minecraft:iron_shovel":16,"minecraft:deepslate_tile_stairs":8,"minecraft:brick":10,"minecraft:oak_planks":204,"minecraft:stone":0,"minecraft:green_dye":0,"minecraft:bricks":2,"minecraft:crafting_table":1,"minecraft:spruce_planks":92,"minecraft:baked_potato":52,"minecraft:tnt":7,"minecraft:paper":63,"minecraft:emerald_block":24,"minecraft:stick":140,"minecraft:iron_ingot":83,"minecraft:deepslate_bricks":512,"minecraft:cherry_planks":518,"minecraft:leather":40,"minecraft:polished_deepslate":493,"minecraft:red_dye":27,"create:andesite_alloy":4,"minecraft:mangrove_planks":28,"minecraft:air":0,"minecraft:bread":64,"minecraft:blue_dye":52,"minecraft:gold_nugget":63,"minecraft:torch":348},"minecraft:mined":{"minecraft:dark_oak_planks":28,"minecraft:cut_sandstone_slab":6,"minecraft:white_bed":22,"gamma_beasts:placas_maker_off":1,"minecraft:cherry_log":395,"minecraft:jungle_leaves":39,"minecraft:red_nether_bricks":2,"minecraft:potted_crimson_fungus":1,"minecraft:obsidian":3,"minecraft:granite":30,"minecraft:deepslate_tile_wall":54,"minecraft:jungle_log":30,"minecraft:coal_block":3,"minecraft:deepslate_tile_stairs":41,"supplementaries:sconce_wall":4,"minecraft:chiseled_stone_bricks":1,"minecraft:spawner":80,"minecraft:weeping_vines_plant":1,"minecraft:tall_seagrass":4,"minecraft:magma_block":2,"minecraft:dark_oak_trapdoor":3,"minecraft:fire":5,"minecraft:barrel":2,"minecraft:cobbled_deepslate":3,"bakery:kitchen_sink":1,"minecraft:moss_carpet":2,"minecraft:pumpkin":4,"minecraft:deepslate_lapis_ore":30,"bakery:baker_station":2,"minecraft:small_amethyst_bud":1,"vinery:taiga_grape_bush_white":1,"minecraft:smooth_red_sandstone":2,"toms_storage:ts.inventory_connector":11,"minecraft:water_cauldron":1,"minecraft:dirt_path":3,"minecraft:oak_stairs":1,"scalinghealth:deepslate_power_crystal_ore":8,"minecraft:light_gray_concrete":1,"create:veridium":1,"bakery:cabinet":1,"bakery:tray":1,"minecraft:stripped_mangrove_wood":3,"minecraft:iron_block":3,"minecraft:player_head":5,"blocky_siege:cannon_ball_3":1,"vinery:jungle_grape_bush_red":2,"minecraft:brown_mushroom":9,"minecraft:stripped_cherry_wood":41,"minecraft:kelp_plant":3,"minecraft:deepslate_tile_slab":75,"scalinghealth:deepslate_heart_crystal_ore":6,"minecraft:powder_snow":98,"born_in_chaos_v1:infected_deepslate_diamond_ore":9,"minecraft:torch":18,"minecraft:dark_oak_wood":34,"vinery:red_grape_bush":2,"minecraft:melon":40,"minecraft:polished_andesite_stairs":1,"create:scoria":19,"minecraft:white_stained_glass_pane":1,"minecraft:dead_bush":4,"farmersdelight:cabbages":33,"minecraft:white_candle":1,"toms_storage:ts.inventory_hopper_basic":2,"minecraft:sugar_cane":84,"minecraft:damaged_anvil":2,"minecraft:amethyst_block":34,"minecraft:cherry_slab":154,"minecraft:skeleton_skull":1,"minecraft:white_terracotta":2,"minecraft:chain":1,"minecraft:cherry_fence":11,"minecraft:wheat":64,"minecraft:waxed_copper_block":9,"minecraft:birch_door":2,"minecraft:black_bed":7,"minecraft:copper_block":3,"minecraft:grass":294,"blocky_siege:fire_bomb_2":1,"minecraft:dark_oak_sapling":9,"bakery:wall_cabinet":2,"minecraft:smooth_quartz":2,"minecraft:mangrove_log":3,"minecraft:smooth_basalt":352,"minecraft:red_mushroom_block":13,"born_in_chaos_v1:infernal_evil_pumpkin_s":2,"toms_storage:ts.crafting_terminal":5,"minecraft:deepslate":4393,"meds_and_herbs:cotton_plant":1,"minecraft:infested_deepslate":7,"create:zinc_ore":29,"minecraft:dark_prismarine":18,"minecraft:deepslate_tiles":199,"blocky_siege:barrel_of_gunpowder":2,"minecraft:mossy_cobblestone":28,"tetra:block_geode":16,"minecraft:cherry_sapling":4,"minecraft:dark_oak_log":56,"minecraft:jack_o_lantern":1,"minecraft:purple_candle":2,"minecraft:sea_lantern":1,"minecraft:spruce_fence":1,"born_in_chaos_v1:black_argillite":5,"minecraft:crimson_roots":1,"minecraft:redstone_wire":1,"minecraft:cherry_wood":56,"minecraft:moss_block":8,"minecraft:kelp":4,"minecraft:black_stained_glass_pane":4,"gamma_beasts:thin_birch_log":32,"minecraft:acacia_wood":13,"minecraft:andesite":79,"bakery:small_cooking_pot":1,"minecraft:potatoes":144,"minecraft:vine":10,"minecraft:bamboo_sapling":1,"minecraft:bamboo":1,"minecraft:bone_block":3,"minecraft:white_wool":49,"minecraft:smithing_table":1,"bakery:cake_stand":1,"minecraft:gray_concrete":1,"jeg:scrap_ore":19,"minecraft:cherry_planks":139,"minecraft:soul_sand":6,"gamma_beasts:abedul_hoja_1":4,"minecraft:emerald_ore":5,"minecraft:campfire":6,"bakery:chocolate_tart":1,"minecraft:copper_ore":54,"minecraft:tall_grass":52,"blocky_siege:cannon_ball_1":1,"minecraft:dried_kelp_block":2,"minecraft:deepslate_gold_ore":126,"minecraft:cracked_deepslate_bricks":1,"jeg:deepslate_scrap_ore":75,"minecraft:black_stained_glass":2,"minecraft:purple_bed":53,"minecraft:coarse_dirt":5,"minecraft:light_blue_bed":3,"toms_storage:ts.inventory_cable":15,"minecraft:spruce_log":27,"toms_storage:ts.inventory_proxy":4,"minecraft:birch_leaves":3,"minecraft:mangrove_leaves":19,"amendments:double_cake":1,"minecraft:dark_oak_button":1,"minecraft:gravel":48,"minecraft:cobweb":131,"minecraft:gold_ore":6,"minecraft:deepslate_emerald_ore":3,"minecraft:infested_stone":1,"minecraft:fern":35,"minecraft:waxed_cut_copper_slab":2,"minecraft:large_amethyst_bud":2,"create:deepslate_zinc_ore":158,"minecraft:spruce_planks":10,"minecraft:attached_melon_stem":2,"gamma_beasts:roble_hoja_1":9,"gamma_beasts:jungla_hoja_1":3,"gamma_beasts:thin_acacia_log":24,"minecraft:andesite_stairs":1,"minecraft:sculk_vein":22,"minecraft:brewing_stand":1,"minecraft:budding_amethyst":3,"minecraft:grass_block":6724,"minecraft:mangrove_fence":2,"born_in_chaos_v1:fel_soil_destructible":2,"vinery:apple_log":17,"beachparty:seashell_block":107,"gamma_beasts:thin_jungle_log":5,"minecraft:raw_iron_block":2,"minecraft:glowstone":6,"minecraft:iron_ore":298,"toms_storage:ts.storage_terminal":6,"bakery:brick_stove":1,"toms_storage:ts.trim":17,"minecraft:anvil":3,"minecraft:dark_oak_stairs":8,"supplementaries:stick":1,"minecraft:flowering_azalea_leaves":1,"minecraft:iron_bars":2,"minecraft:black_candle":4,"minecraft:azalea":1,"minecraft:azalea_leaves":6,"minecraft:spruce_slab":6,"minecraft:waxed_cut_copper_stairs":3,"minecraft:deepslate_redstone_ore":59,"minecraft:cyan_terracotta":1,"minecraft:blackstone":5,"gamma_beasts:jungla_hoja":4,"minecraft:melon_stem":4,"minecraft:medium_amethyst_bud":1,"minecraft:clay":1,"minecraft:calcite":6,"minecraft:chest":6,"minecraft:cobblestone":141,"minecraft:grindstone":1,"minecraft:oak_planks":40,"minecraft:wall_torch":23,"minecraft:deepslate_copper_ore":22,"minecraft:pink_petals":3,"minecraft:seagrass":2,"minecraft:red_candle":1,"minecraft:dark_oak_slab":5,"minecraft:birch_log":1,"born_in_chaos_v1:river_mint":1,"minecraft:smooth_stone_slab":8,"minecraft:oak_log":5,"minecraft:sand":1011,"minecraft:dirt":6891,"minecraft:tripwire_hook":1,"vinery:apple_leaves":10,"minecraft:netherrack":1,"create:crimsite":7,"minecraft:oak_leaves":16,"minecraft:crying_obsidian":2,"minecraft:tuff":98,"minecraft:red_carpet":4,"rpgsmw:miphrildeepslateore":2,"minecraft:dark_oak_leaves":18,"minecraft:deepslate_diamond_ore":19,"born_in_chaos_v1:nightmare_stalker_skull":1,"meds_and_herbs:plantago":6,"minecraft:mangrove_roots":1,"minecraft:mangrove_wall_sign":1,"born_in_chaos_v1:infected_diamond_ore":3,"minecraft:ladder":1,"minecraft:decorated_pot":7,"minecraft:mangrove_trapdoor":1,"minecraft:polished_andesite_slab":1,"minecraft:spruce_leaves":14,"blocky_siege:cannon":9,"minecraft:sandstone":1,"minecraft:large_fern":16,"minecraft:hay_block":33,"minecraft:spore_blossom":1,"toms_storage:ts.inventory_cable_framed":33,"minecraft:furnace":1,"gamma_beasts:prehnite_ore":64,"minecraft:stripped_spruce_log":5,"minecraft:chiseled_deepslate":124,"treechop:chopped_log":1262,"minecraft:gold_block":1,"gamma_beasts:acacia_hoja":5,"minecraft:bookshelf":57,"minecraft:deepslate_iron_ore":211,"minecraft:shroomlight":2,"minecraft:lantern":20,"crittersandcompanions:silk_cocoon":8,"minecraft:stripped_oak_log":1,"minecraft:stone":8991,"minecraft:cherry_stairs":58,"minecraft:redstone_wall_torch":1,"gamma_beasts:abeto_hoja":1,"minecraft:acacia_leaves":10,"meds_and_herbs:sweet_clover":1,"born_in_chaos_v1:marigolds":20,"gamma_beasts:pear_bush_2":1,"born_in_chaos_v1:scorched_planks_fence":3,"minecraft:crafting_table":6,"gamma_beasts:acacia_hoja_1":7,"minecraft:honey_block":1,"brewery:corn_crop":10,"minecraft:rose_bush":1,"minecraft:lectern":23,"bakery:bread_crate":1,"minecraft:deepslate_coal_ore":2,"minecraft:lapis_ore":7,"minecraft:sculk":14,"bakery:drawer":4,"supplementaries:urn":112,"minecraft:cactus":3,"minecraft:spruce_stairs":2,"minecraft:birch_planks":2,"gamma_beasts:deepslate_prehnite_ore":147,"minecraft:gray_wool":1,"gamma_beasts:abedul_hojas":10,"minecraft:lime_bed":3,"minecraft:beehive":2,"rpgsmw:mineral_ore":7,"minecraft:redstone_torch":1,"minecraft:sweet_berry_bush":1,"minecraft:ice":36,"minecraft:mangrove_planks":1,"minecraft:white_wall_banner":1,"gamma_beasts:thin_oak_log":39,"minecraft:coal_ore":789,"blocky_siege:cannon_ball_0":5,"minecraft:cherry_leaves":101,"minecraft:cyan_carpet":1,"minecraft:stripped_acacia_wood":2,"minecraft:polished_andesite":1,"minecraft:small_dripleaf":1,"minecraft:birch_fence":1},"minecraft:killed_by":{"minecraft:zombie":1,"minecraft:husk":1},"minecraft:picked_up":{"born_in_chaos_v1:charmof_stealth":2,"gamma_beasts:thin_oak_log":104,"minecraft:seagrass":1,"minecraft:birch_door":1,"minecraft:chainmail_boots":1,"minecraft:anvil":3,"minecraft:flower_pot":1,"minecraft:prismarine_shard":11,"meds_and_herbs:cotton_fibers":4,"minecraft:smithing_table":1,"minecraft:lead":7,"vinery:red_grape_seeds":12,"minecraft:enchanted_book":2,"minecraft:brewing_stand":1,"minecraft:amethyst_block":34,"minecraft:polished_deepslate":1,"born_in_chaos_v1:mesh_door":1,"skilltree:iron_ring":1,"minecraft:string":607,"minecraft:cooked_salmon":15,"minecraft:red_nether_bricks":1,"minecraft:pufferfish":2,"minecraft:shroomlight":2,"minecraft:beetroot":53,"rpgsmw:woodenfiber":1,"minecraft:gold_nugget":195,"minecraft:cobbled_deepslate":4568,"bakery:brick_stove":1,"born_in_chaos_v1:charmof_power":7,"minecraft:spruce_planks":72,"rpgsmw:rawmiphrilignot":37,"tetra:modular_sword":1,"minecraft:melon_slice":220,"minecraft:coal_block":3,"minecraft:mangrove_log":18,"minecraft:golden_helmet":2,"gamma_beasts:jungle_leaf":14,"minecraft:beehive":2,"tetra:modular_bow":2,"born_in_chaos_v1:shattered_skull":30,"bakery:small_cooking_pot":2,"tarotcards:strength":1,"brewery:pretzel":27,"minecraft:acacia_log":3,"born_in_chaos_v1:pileof_dark_metal":10,"minecraft:golden_axe":1,"minecraft:cherry_log":1609,"minecraft:deepslate_tile_stairs":77,"minecraft:cauldron":1,"minecraft:waxed_cut_copper_stairs":1,"born_in_chaos_v1:fried_maggot":10,"minecraft:tropical_fish":3,"minecraft:vex_armor_trim_smithing_template":2,"create:scoria":16,"toms_storage:ts.inventory_connector":11,"create:ochrum":24,"rpgsmw:steel_greatsword":3,"gamma_beasts:kiwi":110,"minecraft:blue_dye":3,"minecraft:iron_block":3,"jeg:rifle_ammo":24,"gamma_beasts:coal_nugget":231,"minecraft:white_terracotta":2,"supplementaries:quiver":4,"supplementaries:ash":1070,"endrem:rogue_eye":1,"minecraft:iron_bars":2,"minecraft:snowball":6,"alexsmobs:flying_fish":9,"minecraft:birch_log":10,"born_in_chaos_v1:staffof_magic_arrows":1,"gamma_beasts:pear":272,"minecraft:magma_block":1,"minecraft:feather":27,"minecraft:cooked_beef":84,"born_in_chaos_v1:spiritual_dust":31,"minecraft:jungle_log":66,"bakery:cabinet":1,"minecraft:brown_wool":1,"minecraft:copper_block":3,"minecraft:jungle_wood":12,"beachparty:palm_log":8,"minecraft:flint":6,"faded_conquest_2:key_of_conquest":2,"brewery:corn_seeds":4,"minecraft:cherry_fence":11,"jeg:scrap":431,"bakery:baker_station":2,"minecraft:gray_concrete":1,"minecraft:lantern":20,"farmersdelight:tomato":75,"born_in_chaos_v1:nightmare_stalker_skull":2,"faded_conquest_2:keyof_pestilence":2,"born_in_chaos_v1:marigolds":51,"tetra:scroll_rolled":1,"minecraft:glowstone_dust":16,"minecraft:moss_block":6,"bakery:chocolate_glazed_cookie":2,"rpgsmw:iron_one_handed_crossbow":1,"blocky_siege:fire_bomb_0":3,"gamma_beasts:crystal_pearl":1,"minecraft:stripped_acacia_wood":2,"scalinghealth:enchanted_heart":28,"minecraft:stripped_spruce_log":5,"sophisticatedbackpacks:iron_backpack":1,"minecraft:ink_sac":5,"minecraft:dark_oak_log":171,"minecraft:barrel":6,"minecraft:bundle":2,"gamma_beasts:thin_jungle_log":15,"minecraft:polished_andesite":1,"minecraft:white_candle":4,"create:crimsite":7,"minecraft:deepslate":3,"minecraft:angler_pottery_sherd":1,"minecraft:lever":1,"minecraft:granite":51,"minecraft:bread":25,"alexsmobs:maggot":22,"minecraft:rooted_dirt":33,"minecraft:jack_o_lantern":1,"born_in_chaos_v1:rotten_fish":39,"minecraft:cherry_slab":210,"gamma_beasts:redstone_plate":8,"rpgsmw:steelnugget":16,"minecraft:crimson_roots":2,"minecraft:diamond_pickaxe":1,"sophisticatedbackpacks:gold_backpack":1,"minecraft:crafting_table":6,"minecraft:coarse_dirt":7,"blocky_siege:cannon":7,"born_in_chaos_v1:smoked_monster_flesh":1,"minecraft:clay_ball":20,"rpgsmw:copper_spear":1,"born_in_chaos_v1:seedof_chaos":55,"minecraft:leather_leggings":2,"toms_storage:ts.storage_terminal":6,"gamma_beasts:birch_leaf":133,"minecraft:stripped_cherry_log":1,"minecraft:cornflower":2,"alexsmobs:cooked_catfish":2,"gamma_beasts:acacia_leaf":194,"born_in_chaos_v1:intoxicating_decoction":22,"supplementaries:bomb":5,"minecraft:netherite_sword":1,"rpgsmw:steel_paladin_armour_boots":3,"minecraft:beef":86,"born_in_chaos_v1:gnawed_bones":12,"vinery:cherry":45,"minecraft:jungle_sapling":2,"minecraft:iron_nugget":14,"minecraft:spruce_slab":6,"minecraft:chest":3,"minecraft:birch_sapling":3,"rpgsmw:biril":7,"gamma_beasts:lemon":65,"minecraft:egg":10,"jeg:semi_auto_rifle":2,"sophisticatedbackpacks:backpack":2,"ironchest:iron_chest":2,"born_in_chaos_v1:pieceofdarkmetal":109,"minecraft:carrot":25,"minecraft:redstone":345,"minecraft:prismarine_crystals":10,"jeg:healing_talisman":12,"minecraft:cooked_cod":1,"minecraft:decorated_pot":4,"minecraft:beetroot_seeds":2,"born_in_chaos_v1:wood_splitter_axe":2,"supplementaries:sconce":4,"minecraft:shears":2,"minecraft:hay_block":31,"brewery:corn":2,"born_in_chaos_v1:spiny_shell":1,"minecraft:gold_ingot":315,"minecraft:totem_of_undying":1,"sophisticatedbackpacks:copper_backpack":1,"minecraft:glow_berries":20,"minecraft:mutton":33,"minecraft:bone_block":2,"minecraft:white_wool":56,"minecraft:stripped_oak_log":1,"minecraft:lime_bed":2,"born_in_chaos_v1:pumpkin_staff":4,"born_in_chaos_v1:monster_flesh":91,"minecraft:smooth_red_sandstone":1,"beachparty:raw_mussel_meat":106,"alexsmobs:acacia_blossom":2,"alexsmobs:skreecher_soul":4,"minecraft:acacia_wood":38,"minecraft:filled_map":6,"minecraft:packed_mud":2,"minecraft:oak_log":45,"scalinghealth:bandages":83,"minecraft:golden_boots":3,"toms_storage:ts.crafting_terminal":5,"endrem:undead_soul":1,"scalinghealth:medkit":15,"minecraft:white_banner":10,"born_in_chaos_v1:soul_cutlass":5,"bountiful:bounty":1,"minecraft:apple":184,"minecraft:kelp":12,"gamma_beasts:meat":6,"minecraft:stone_pickaxe":3,"minecraft:spore_blossom":1,"toms_storage:ts.inventory_hopper_basic":2,"born_in_chaos_v1:smoked_flesh":9,"scalinghealth:power_crystal_shard":108,"candlelight:tomato":6,"blocky_siege:cannon_ball_0":14,"minecraft:iron_sword":5,"minecraft:dark_oak_stairs":8,"minecraft:milk_bucket":2,"minecraft:polished_andesite_stairs":1,"endrem:witch_pupil":2,"minecraft:smooth_basalt":293,"minecraft:sweet_berries":52,"born_in_chaos_v1:orbofthe_summoner":6,"born_in_chaos_v1:ethereal_spirit":110,"minecraft:gravel":52,"gamma_beasts:thin_acacia_log":66,"minecraft:spruce_sapling":12,"born_in_chaos_v1:fangofthe_hound_leader":8,"minecraft:spruce_log":56,"rpgsmw:steel_paladin_armour_leggings":3,"minecraft:purple_bed":56,"minecraft:slime_ball":16,"tetra:geode":23,"jeg:ectoplasm":8,"rpgsmw:crossbow_bolt_model":5,"minecraft:painting":5,"minecraft:birch_sign":2,"minecraft:baked_potato":122,"minecraft:melon_seeds":10,"minecraft:mangrove_propagule":2,"minecraft:ender_pearl":22,"minecraft:chiseled_deepslate":124,"minecraft:wheat":20,"gamma_beasts:fur":32,"gamma_beasts:placas_maker_off":1,"meds_and_herbs:seeds_sweet_clover":4,"minecraft:potion":6,"born_in_chaos_v1:bloody_gadfly_eye":15,"toms_storage:ts.trim":18,"born_in_chaos_v1:holiday_candy":60,"born_in_chaos_v1:black_argillite":5,"minecraft:waxed_cut_copper_slab":2,"minecraft:raw_copper":387,"alexsmobs:ancient_dart":2,"born_in_chaos_v1:dark_upgrade":1,"minecraft:smooth_stone_slab":8,"bakery:bread_knife":1,"minecraft:iron_leggings":1,"minecraft:zombie_head":1,"bakery:linzer_tart":3,"minecraft:oak_sign":2,"minecraft:deepslate_tiles":381,"farmersdelight:cabbage":12,"minecraft:bucket":7,"meds_and_herbs:plantago_leaves":8,"minecraft:white_tulip":5,"minecraft:rose_bush":5,"minecraft:redstone_torch":5,"minecraft:calcite":6,"minecraft:azalea":10,"minecraft:wooden_shovel":1,"minecraft:smooth_quartz":7,"minecraft:deepslate_tile_wall":82,"born_in_chaos_v1:stimulating_decoction":6,"farmersdelight:cabbage_seeds":40,"vinery:dark_cherry_planks":30,"minecraft:iron_boots":4,"minecraft:furnace":1,"minecraft:tipped_arrow":23,"minecraft:stick":774,"blocky_siege:barrel_of_gunpowder":2,"farmersdelight:rotten_tomato":2,"minecraft:torch":476,"tetra:holo":2,"rpgsmw:blue_fabric":1,"minecraft:spruce_stairs":1,"minecraft:porkchop":67,"born_in_chaos_v1:nightmare_claw":14,"born_in_chaos_v1:damned_demomans_hat_helmet":2,"minecraft:cactus":13,"minecraft:rotten_flesh":975,"born_in_chaos_v1:sea_terror_eye":4,"bakery:cake_stand":1,"supplementaries:antique_ink":31,"minecraft:mangrove_roots":5,"alexsmobs:emu_egg":3,"minecraft:obsidian":13,"minecraft:cod":5,"vinery:apple_log":332,"minecraft:cobblestone":18176,"minecraft:enchanting_table":1,"minecraft:pink_petals":160,"minecraft:leather_chestplate":1,"rpgsmw:steel":40,"minecraft:cherry_planks":242,"minecraft:andesite":83,"minecraft:black_bed":6,"minecraft:chiseled_quartz_block":2,"gamma_beasts:prehnite":254,"minecraft:potato":125,"rpgsmw:leatherstring":5,"minecraft:tuff":133,"create:raw_zinc":234,"minecraft:smooth_sandstone_stairs":1,"faded_conquest_2:storm_charge":129,"gamma_beasts:oak_leaf":286,"supplementaries:flax_seeds":21,"bakery:sweet_dough":7,"minecraft:acacia_boat":4,"skilltree:gem":435,"minecraft:lapis_lazuli":469,"minecraft:dirt":17646,"minecraft:cut_sandstone_slab":2,"gamma_beasts:iron_plate":24,"minecraft:name_tag":2,"born_in_chaos_v1:monster_skin":97,"minecraft:leather_boots":4,"gamma_beasts:gold_plate":16,"minecraft:mangrove_fence":1,"minecraft:glass":8,"minecraft:bone":817,"minecraft:bow":18,"minecraft:wheat_seeds":186,"farmersdelight:sweet_berry_cookie":36,"minecraft:raw_gold":156,"minecraft:grindstone":1,"bakery:oat":17,"minecraft:bamboo":11,"minecraft:oak_planks":232,"vinery:taiga_grape_seeds_white":2,"minecraft:cooked_porkchop":107,"minecraft:poisonous_potato":7,"faded_conquest_2:stormclasher_katana":3,"minecraft:sand":1322,"minecraft:nether_brick_stairs":4,"minecraft:grass_block":3,"minecraft:diamond_block":1,"minecraft:mossy_cobblestone":22,"minecraft:dark_prismarine":15,"beachparty:cooked_mussel_meat":32,"minecraft:light_gray_concrete":1,"beachparty:rubber_ring_pelican":2,"rpgsmw:steel_paladin_armour_chestplate":3,"minecraft:sugar":16,"born_in_chaos_v1:fire_dust":1,"minecraft:diamond":36,"minecraft:mangrove_wood":1,"born_in_chaos_v1:scorched_planks_fence":6,"bakery:wall_cabinet":2,"minecraft:cherry_wood":91,"bakery:tray":2,"minecraft:crossbow":2,"minecraft:bone_meal":12,"minecraft:golden_apple":1,"minecraft:emerald":143,"minecraft:spruce_sign":10,"scalinghealth:cursed_heart":4,"minecraft:oak_sapling":4,"born_in_chaos_v1:sea_terror_stomach":3,"minecraft:fishing_rod":1,"minecraft:charcoal":14,"born_in_chaos_v1:diamond_termite_shard":43,"minecraft:chicken":7,"born_in_chaos_v1:river_mint":13,"minecraft:ladder":1,"minecraft:brown_mushroom":9,"minecraft:cooked_rabbit":6,"faded_conquest_2:summon_blocknight":5,"minecraft:chain":3,"minecraft:shield":8,"minecraft:brick":4,"minecraft:moss_carpet":8,"rpgsmw:steel_paladin_armour_helmet":4,"minecraft:iron_axe":5,"skilltree:assassin_necklace":1,"creature_compendium:moleman_raw_chop":2,"minecraft:item_frame":4,"minecraft:blackstone":2,"minecraft:birch_fence":1,"minecraft:cyan_carpet":1,"beachparty:seashell":107,"skilltree:golden_ring":1,"vinery:apple_tree_sapling":27,"minecraft:andesite_stairs":1,"scalinghealth:chance_heart":57,"farmersdelight:straw":1,"minecraft:oak_boat":4,"minecraft:player_head":7,"minecraft:light_gray_wool":2,"minecraft:lectern":23,"minecraft:sugar_cane":136,"toms_storage:ts.inventory_proxy":4,"faded_conquest_2:eye_of_the_storm":4,"crittersandcompanions:clam":22,"minecraft:phantom_membrane":11,"minecraft:dark_oak_sapling":30,"minecraft:raw_iron":539,"minecraft:stripped_mangrove_wood":1,"minecraft:cherry_stairs":70,"minecraft:copper_ingot":472,"minecraft:stone_button":3,"meds_and_herbs:sweet_clover_flowers":6,"minecraft:light_blue_bed":3,"minecraft:dark_oak_planks":33,"minecraft:purple_candle":5,"minecraft:arrow":446,"minecraft:tube_coral":3,"minecraft:pumpkin_pie":10,"toms_storage:ts.inventory_cable_framed":33,"crittersandcompanions:silk":55,"bakery:apple_cupcake":1,"born_in_chaos_v1:fused_bone":36,"born_in_chaos_v1:corpse_maggot":321,"minecraft:netherite_boots":1,"minecraft:jungle_boat":1,"minecraft:dark_oak_button":2,"meds_and_herbs:bark_cherry":780,"minecraft:golden_carrot":2,"vinery:jungle_grape_seeds_red":3,"minecraft:glow_ink_sac":6,"minecraft:salmon":8,"minecraft:leather":52,"gamma_beasts:thin_birch_log":82,"bakery:sweetberry_cupcake":1,"gamma_beasts:green_apple":274,"minecraft:waxed_copper_block":7,"gamma_beasts:accumulator_bag_cristal_pearl":3,"minecraft:gunpowder":140,"scalinghealth:heart_crystal":135,"minecraft:deepslate_tile_slab":173,"minecraft:cooked_mutton":71,"gamma_beasts:copper_plate":32,"minecraft:red_carpet":10,"minecraft:gray_carpet":2,"bakery:oat_seeds":32,"gamma_beasts:book":2,"minecraft:heart_of_the_sea":2,"candlelight:rose":1,"bakery:glowberry_tart":1,"minecraft:rabbit_hide":10,"minecraft:iron_ingot":119,"minecraft:cooked_chicken":37,"bakery:strawberry":29,"toms_storage:ts.inventory_cable":15,"born_in_chaos_v1:fel_lamp":2,"toms_storage:ts.wireless_terminal":1,"jeg:tech_trash":27,"minecraft:polished_andesite_slab":1,"minecraft:acacia_sapling":5,"minecraft:soul_sand":12,"bakery:dough":6,"scalinghealth:heart_crystal_shard":147,"minecraft:emerald_block":28,"minecraft:book":186,"minecraft:black_candle":7,"born_in_chaos_v1:death_totem":6,"minecraft:pumpkin":4,"born_in_chaos_v1:lifestealer_bone":22,"minecraft:dandelion":2,"minecraft:raw_iron_block":2,"born_in_chaos_v1:dark_rod":24,"minecraft:amethyst_shard":18,"minecraft:stripped_cherry_wood":41,"minecraft:white_bed":22,"gamma_beasts:blackberry":3,"minecraft:spider_eye":175,"toms_storage:ts.tag_item_filter":1,"alexsmobs:raw_catfish":6,"minecraft:pumpkin_seeds":108,"minecraft:dried_kelp_block":4,"minecraft:honey_block":1,"minecraft:iron_helmet":1,"minecraft:cherry_sapling":1248,"minecraft:damaged_anvil":2,"bakery:baguette":6,"minecraft:black_wool":2,"minecraft:dark_oak_wood":67,"minecraft:coal":835,"bakery:drawer":4,"minecraft:sunflower":2}},"DataVersion":3465}