{"stats":{"minecraft:picked_up":{"rpgsmw:iron_sickle":1,"gamma_beasts:thin_oak_log":28,"vinery:red_grape":72,"rpgsmw:miphrilignot":13,"minecraft:prismarine_shard":6,"minecraft:flower_pot":4,"meds_and_herbs:cotton_fibers":8,"vinery:red_grape_seeds":3,"fantasyfurniture:decorations/bronze_chain":1,"minecraft:enchanted_book":4,"supplementaries:candle_holder_red":20,"farmersdelight:cutting_board":4,"born_in_chaos_v1:mesh_door":4,"minecraft:string":230,"minecraft:cooked_salmon":10,"minecraft:red_nether_bricks":1,"minecraft:pufferfish":1,"jeg:recycler":1,"meds_and_herbs:seeds_belladonna":2,"minecraft:beetroot":2,"bakery:brick_stove":1,"minecraft:diamond_leggings":1,"bakery:small_cooking_pot":2,"minecraft:gold_nugget":96,"minecraft:cobbled_deepslate":400,"born_in_chaos_v1:charmof_power":3,"minecraft:spruce_planks":33,"rpgsmw:rawmiphrilignot":19,"tetra:modular_sword":14,"minecraft:coal_block":10,"minecraft:melon_slice":22,"minecraft:mangrove_log":3,"fantasyfurniture:bone/wither/chandelier":3,"gamma_beasts:jungle_leaf":2,"tetra:modular_bow":1,"born_in_chaos_v1:shattered_skull":6,"create:small_calcite_brick_wall":4,"minecraft:cherry_log":1247,"born_in_chaos_v1:black_argillite_brick_stairs":6,"minecraft:deepslate_tile_stairs":36,"vinery:flower_box":24,"minecraft:stone_sword":2,"born_in_chaos_v1:fried_maggot":7,"minecraft:vex_armor_trim_smithing_template":2,"create:scoria":159,"create:ochrum":7,"gamma_beasts:kiwi":18,"minecraft:blue_dye":16,"minecraft:iron_block":2,"jeg:rifle_ammo":40,"farmersdelight:rope":23,"gamma_beasts:coal_nugget":270,"born_in_chaos_v1:cultivated_pumpkin":4,"supplementaries:ash":1129,"endrem:rogue_eye":1,"vinery:dark_cherry_log":240,"minecraft:snowball":38,"alexsmobs:flying_fish":3,"minecraft:birch_log":13,"gamma_beasts:pear":22,"minecraft:feather":109,"minecraft:cooked_beef":44,"bakery:cabinet":1,"born_in_chaos_v1:spiritual_dust":35,"minecraft:birch_slab":1,"minecraft:jungle_log":19,"minecraft:smoker":1,"faded_conquest_2:key_of_conquest":1,"minecraft:flint":6,"brewery:corn_seeds":16,"minecraft:cherry_fence":1,"jeg:scrap":340,"bakery:baker_station":2,"fantasyfurniture:decorations/fairy_lights_1":2,"minecraft:lantern":1,"farmersdelight:tomato":171,"born_in_chaos_v1:nightmare_stalker_skull":2,"faded_conquest_2:keyof_pestilence":1,"born_in_chaos_v1:marigolds":35,"tetra:scroll_rolled":4,"minecraft:gray_terracotta":6,"minecraft:rabbit":1,"meds_and_herbs:belladonna_leaves":4,"bakery:chocolate_glazed_cookie":2,"rpgsmw:iron_one_handed_crossbow":1,"gamma_beasts:crystal_pearl":1,"scalinghealth:enchanted_heart":15,"minecraft:ink_sac":18,"minecraft:dark_oak_log":14,"create:tiled_glass":31,"minecraft:barrel":14,"minecraft:bundle":1,"gamma_beasts:thin_jungle_log":3,"create:crimsite":2,"minecraft:angler_pottery_sherd":3,"minecraft:dark_oak_fence":12,"jeg:repair_kit":1,"minecraft:granite":259,"minecraft:bread":5,"alexsmobs:maggot":10,"minecraft:rooted_dirt":51,"born_in_chaos_v1:rotten_fish":75,"minecraft:diamond_pickaxe":1,"minecraft:cherry_slab":38,"minecraft:crafting_table":3,"sophisticatedbackpacks:gold_backpack":1,"minecraft:crimson_roots":1,"jeg:makeshift_stock":3,"minecraft:coarse_dirt":2,"vinery:taiga_grapes_white":59,"born_in_chaos_v1:smoked_monster_flesh":19,"minecraft:nether_wart":2,"minecraft:clay_ball":224,"born_in_chaos_v1:seedof_chaos":37,"minecraft:leather_leggings":4,"gamma_beasts:cooked_meat":7,"gamma_beasts:birch_leaf":14,"minecraft:stripped_cherry_log":466,"born_in_chaos_v1:fired_black_argillite":3,"minecraft:cornflower":22,"alexsmobs:cooked_catfish":23,"gamma_beasts:acacia_leaf":19,"minecraft:flint_and_steel":1,"born_in_chaos_v1:intoxicating_decoction":40,"minecraft:netherite_sword":1,"minecraft:beef":114,"meds_and_herbs:aloe_seeds":3,"born_in_chaos_v1:gnawed_bones":13,"vinery:cherry":62,"minecraft:iron_nugget":28,"minecraft:poppy":15,"minecraft:spruce_slab":2,"minecraft:chest":7,"minecraft:birch_sapling":2,"fantasyfurniture:venthyr/floor_light":5,"ironchest:dirt_chest":1,"gamma_beasts:lemon":24,"minecraft:egg":22,"jeg:semi_auto_rifle":5,"minecraft:raw_gold_block":2,"sophisticatedbackpacks:backpack":1,"ironchest:iron_chest":1,"farmersdelight:tomato_seeds":33,"minecraft:mangrove_sign":2,"born_in_chaos_v1:pieceofdarkmetal":46,"minecraft:carrot":40,"minecraft:redstone":75,"minecraft:mangrove_trapdoor":1,"minecraft:prismarine_crystals":2,"jeg:circuit_board":2,"jeg:healing_talisman":11,"minecraft:cooked_cod":10,"minecraft:decorated_pot":8,"minecraft:peony":1,"supplementaries:sconce":9,"minecraft:hay_block":32,"brewery:corn":5,"minecraft:gold_ingot":75,"minecraft:glow_berries":11,"minecraft:mutton":37,"fantasyfurniture:decorations/royal_candelabra":12,"minecraft:white_wool":30,"minecraft:oxeye_daisy":9,"minecraft:stripped_oak_log":16,"born_in_chaos_v1:black_argillite_column_slab":1,"born_in_chaos_v1:monster_flesh":66,"minecraft:tripwire_hook":1,"beachparty:raw_mussel_meat":29,"minecraft:fern":25,"minecraft:red_mushroom":1402,"vinery:dark_cherry_stairs":1,"minecraft:filled_map":1,"minecraft:packed_mud":4,"minecraft:oak_log":17,"scalinghealth:bandages":70,"minecraft:golden_boots":1,"vinery:taiga_grapes_red":54,"endrem:undead_soul":1,"scalinghealth:medkit":9,"minecraft:white_banner":1,"farmersdelight:organic_compost":30,"bountiful:bounty":1,"minecraft:apple":182,"minecraft:stone_bricks":1,"minecraft:kelp":60,"gamma_beasts:meat":3,"minecraft:stone_pickaxe":3,"scalinghealth:power_crystal_shard":116,"minecraft:blade_pottery_sherd":3,"candlelight:tomato":3,"endrem:cold_eye":5,"jeg:double_barrel_shotgun":1,"minecraft:mangrove_planks":1,"minecraft:arms_up_pottery_sherd":3,"minecraft:iron_sword":8,"minecraft:dark_oak_stairs":16,"minecraft:polished_andesite_stairs":1,"hauntedharvest:corn":45,"minecraft:smooth_basalt":35,"meds_and_herbs:seeds_vinca":2,"vinery:jungle_grapes_white":14,"minecraft:sweet_berries":113,"vinery:taiga_grape_seeds_red":11,"born_in_chaos_v1:ethereal_spirit":51,"born_in_chaos_v1:orbofthe_summoner":5,"beachparty:palm_sapling":1,"minecraft:gravel":51,"minecraft:spruce_sapling":3,"born_in_chaos_v1:fangofthe_hound_leader":1,"minecraft:spruce_log":20,"minecraft:crying_obsidian":9,"minecraft:leather_helmet":1,"minecraft:archer_pottery_sherd":3,"jeg:handmade_shell":15,"minecraft:oak_wood":1,"minecraft:purple_bed":4,"tetra:geode":1,"jeg:ectoplasm":5,"rpgsmw:crossbow_bolt_model":34,"minecraft:painting":2,"minecraft:gray_wool":2,"gamma_beasts:thin_spruce_log":5,"minecraft:baked_potato":41,"minecraft:melon_seeds":3,"minecraft:ender_pearl":4,"minecraft:chiseled_deepslate":14,"minecraft:wheat":168,"beachparty:rubber_ring_axolotl":3,"beachparty:palm_tall_torch":3,"gamma_beasts:fur":9,"vinery:dark_cherry_slab":52,"minecraft:potion":2,"bakery:strawberry_seeds":1,"born_in_chaos_v1:bloody_gadfly_eye":6,"born_in_chaos_v1:black_argillite":59,"minecraft:raw_copper":200,"minecraft:smooth_stone_slab":66,"bakery:bread_knife":1,"minecraft:red_candle":5,"bakery:linzer_tart":1,"minecraft:zombie_head":1,"jeg:revolver":1,"brewery:hops":4,"minecraft:oak_sign":8,"minecraft:deepslate_tiles":286,"minecraft:azalea":5,"farmersdelight:cabbage":8,"minecraft:bucket":6,"meds_and_herbs:belladonna_berry":1,"meds_and_herbs:plantago_leaves":64,"minecraft:white_tulip":12,"minecraft:rose_bush":2,"minecraft:redstone_torch":4,"minecraft:calcite":195,"minecraft:wooden_shovel":2,"minecraft:iron_pickaxe":1,"minecraft:smooth_quartz":5,"minecraft:deepslate_tile_wall":28,"born_in_chaos_v1:stimulating_decoction":2,"farmersdelight:cabbage_seeds":27,"minecraft:furnace":2,"fantasyfurniture:royal/floor_light":1,"vinery:dark_cherry_planks":380,"minecraft:iron_boots":3,"vinery:jungle_grape_seeds_white":2,"fantasyfurniture:bone/skeleton/wall_light":3,"minecraft:tipped_arrow":6,"minecraft:stick":852,"farmersdelight:rotten_tomato":7,"jeg:pistol_ammo":95,"minecraft:torch":118,"minecraft:spruce_stairs":4,"minecraft:porkchop":167,"minecraft:pointed_dripstone":3,"born_in_chaos_v1:nightmare_claw":10,"born_in_chaos_v1:damned_demomans_hat_helmet":9,"minecraft:cactus":13,"minecraft:rotten_flesh":698,"born_in_chaos_v1:sea_terror_eye":8,"farmersdelight:tree_bark":479,"bakery:cake_stand":1,"supplementaries:antique_ink":6,"create:asurine":1,"alexsmobs:emu_egg":6,"minecraft:mangrove_roots":2,"rpgsmw:edmantium":2,"minecraft:obsidian":6,"fantasyfurniture:decorations/necrolord_candelabra":2,"minecraft:cod":2,"vinery:apple_log":629,"minecraft:cobblestone":728,"meds_and_herbs:aloe_leaves":16,"minecraft:enchanting_table":1,"minecraft:leather_chestplate":2,"minecraft:cherry_planks":142,"gamma_beasts:prehnite":40,"minecraft:andesite":1,"minecraft:golden_leggings":2,"minecraft:black_bed":32,"minecraft:chiseled_quartz_block":2,"born_in_chaos_v1:mint_ice_cream":3,"minecraft:potato":470,"bakery:sweet_dough":7,"faded_conquest_2:storm_charge":145,"minecraft:tuff":12,"create:raw_zinc":85,"gamma_beasts:oak_leaf":152,"supplementaries:flax_seeds":32,"minecraft:wither_skeleton_skull":1,"minecraft:stripped_birch_log":13,"skilltree:gem":164,"minecraft:lapis_lazuli":202,"minecraft:dirt":5727,"minecraft:cut_sandstone_slab":4,"minecraft:name_tag":2,"born_in_chaos_v1:monster_skin":45,"brewery:hops_seeds":12,"minecraft:leather_boots":5,"minecraft:glass":66,"minecraft:bone":522,"minecraft:acacia_planks":4,"minecraft:orange_tulip":10,"minecraft:bow":6,"minecraft:wheat_seeds":915,"farmersdelight:sweet_berry_cookie":40,"minecraft:raw_gold":39,"minecraft:bamboo":26,"minecraft:oak_planks":129,"meds_and_herbs:aloe_fruits":12,"minecraft:cooked_porkchop":44,"faded_conquest_2:stormclasher_katana":5,"minecraft:poisonous_potato":1,"vinery:dark_cherry_sapling":112,"minecraft:sand":529,"gamma_beasts:stamina_capsule":12,"minecraft:grass_block":8,"minecraft:mossy_cobblestone":5,"beachparty:cooked_mussel_meat":88,"minecraft:light_gray_concrete":2,"minecraft:diamond":7,"bakery:wall_cabinet":2,"bakery:tray":2,"minecraft:grass":2,"minecraft:bone_meal":14,"minecraft:spruce_sign":1,"minecraft:emerald":28,"scalinghealth:cursed_heart":10,"minecraft:netherrack":1,"born_in_chaos_v1:sea_terror_stomach":3,"minecraft:fishing_rod":1,"minecraft:cocoa_beans":12,"born_in_chaos_v1:diamond_termite_shard":44,"minecraft:allium":4,"minecraft:azure_bluet":20,"minecraft:chicken":52,"born_in_chaos_v1:river_mint":23,"minecraft:brown_mushroom":562,"minecraft:cooked_rabbit":3,"minecraft:gold_block":2,"faded_conquest_2:summon_blocknight":7,"beachparty:coconut":1,"minecraft:chain":3,"minecraft:shield":3,"minecraft:brick":12,"minecraft:iron_axe":1,"create:small_calcite_brick_slab":1,"minecraft:blackstone":1,"minecraft:item_frame":1,"minecraft:cyan_carpet":2,"beachparty:seashell":31,"vinery:apple_tree_sapling":346,"scalinghealth:chance_heart":8,"farmersdelight:straw":902,"minecraft:player_head":4,"minecraft:sugar_cane":187,"faded_conquest_2:eye_of_the_storm":4,"minecraft:phantom_membrane":41,"crittersandcompanions:clam":34,"born_in_chaos_v1:dark_stained_glass":39,"minecraft:dark_oak_sapling":3,"minecraft:raw_iron":318,"minecraft:stripped_mangrove_wood":1,"fantasyfurniture:venthyr/chandelier":1,"minecraft:copper_ingot":8,"minecraft:bowl":6,"minecraft:gray_dye":1,"minecraft:stone_button":3,"meds_and_herbs:sweet_clover_flowers":6,"rpgsmw:steel_knife":1,"alexsmobs:crocodile_scute":16,"minecraft:dark_oak_planks":17,"minecraft:arrow":201,"fantasyfurniture:necrolord/chandelier":1,"minecraft:weeping_vines":6,"crittersandcompanions:silk":49,"jeg:gunmetal_workbench":1,"bakery:apple_cupcake":1,"minecraft:glistering_melon_slice":12,"born_in_chaos_v1:fused_bone":17,"born_in_chaos_v1:corpse_maggot":256,"farmersdelight:rich_soil":593,"meds_and_herbs:bark_cherry":287,"minecraft:glow_ink_sac":5,"minecraft:salmon":7,"vinery:jungle_grape_seeds_red":2,"minecraft:leather":56,"minecraft:crimson_fungus":2,"gamma_beasts:thin_birch_log":6,"bakery:sweetberry_cupcake":1,"gamma_beasts:green_apple":94,"minecraft:waxed_copper_block":1,"gamma_beasts:accumulator_bag_cristal_pearl":1,"minecraft:gunpowder":131,"scalinghealth:heart_crystal":103,"minecraft:deepslate_tile_slab":150,"minecraft:cooked_mutton":49,"bakery:oat_seeds":32,"bakery:glowberry_tart":1,"gamma_beasts:book":1,"candlelight:rose":11,"minecraft:rabbit_hide":14,"minecraft:iron_ingot":143,"minecraft:cooked_chicken":29,"born_in_chaos_v1:fel_lamp":1,"jeg:tech_trash":46,"minecraft:acacia_sapling":1,"minecraft:soul_sand":18,"bakery:dough":6,"bakery:strawberry":30,"endrem:black_eye":1,"scalinghealth:heart_crystal_shard":131,"minecraft:emerald_block":28,"minecraft:warped_fungus":3,"minecraft:black_candle":1,"born_in_chaos_v1:death_totem":1,"minecraft:pumpkin":10,"born_in_chaos_v1:lifestealer_bone":10,"minecraft:dandelion":13,"minecraft:dripstone_block":2,"gamma_beasts:gamma_reactor":10,"born_in_chaos_v1:dark_rod":9,"minecraft:white_bed":2,"gamma_beasts:blackberry":33,"minecraft:dark_oak_fence_gate":1,"minecraft:spider_eye":96,"gamma_beasts:spruce_leaf":18,"toms_storage:ts.tag_item_filter":1,"alexsmobs:raw_catfish":6,"minecraft:pumpkin_seeds":20,"meds_and_herbs:vinca_leaves":4,"minecraft:cherry_sapling":470,"bakery:drawer":4,"bakery:baguette":6,"minecraft:damaged_anvil":1,"minecraft:dark_oak_wood":16,"minecraft:coal":766,"minecraft:sunflower":12},"minecraft:killed":{"faded_conquest_2:aero_guardian":1,"minecraft:cave_spider":10,"born_in_chaos_v1:restless_spirit":10,"born_in_chaos_v1:zombie_lumberjack":8,"born_in_chaos_v1:skeleton_demoman":6,"born_in_chaos_v1:door_knight_not_despawn":1,"minecraft:dolphin":1,"born_in_chaos_v1:siamese_skeletonsright":1,"born_in_chaos_v1:baby_skeleton_minion":12,"minecraft:skeleton":81,"minecraft:chicken":18,"born_in_chaos_v1:skeleton_thrasher":1,"born_in_chaos_v1:supreme_bonescaller_stage_2":2,"minecraft:skeleton_horse":1,"jeg:ghoul":5,"minecraft:magma_cube":7,"minecraft:salmon":7,"minecraft:pillager":11,"minecraft:zombie":174,"alexsmobs:maned_wolf":1,"born_in_chaos_v1:corpse_fly":30,"born_in_chaos_v1:door_knight":4,"minecraft:cow":26,"alexsmobs:seagull":2,"faded_conquest_2:blocknight_paladin":3,"minecraft:horse":1,"born_in_chaos_v1:dire_hound_leader":1,"born_in_chaos_v1:barrel_zombie":3,"born_in_chaos_v1:spiritof_chaos":3,"minecraft:husk":10,"born_in_chaos_v1:bone_imp_minion":11,"minecraft:rabbit":1,"born_in_chaos_v1:decrepit_skeleton":17,"alexsmobs:catfish":2,"born_in_chaos_v1:bloody_gadfly":4,"alexsmobs:crocodile":1,"born_in_chaos_v1:dark_vortex":3,"minecraft:enderman":3,"born_in_chaos_v1:zombie_clown":4,"minecraft:witch":1,"minecraft:spider":44,"faded_conquest_2:toxicrow":3,"born_in_chaos_v1:scarlet_persecutor":7,"gamma_beasts:banndu_a":1,"minecraft:bee":1,"minecraft:silverfish":3,"minecraft:piglin_brute":12,"minecraft:piglin":4,"born_in_chaos_v1:bonescaller":2,"minecraft:pig":20,"minecraft:zombie_villager":7,"born_in_chaos_v1:diamond_termite":23,"born_in_chaos_v1:glutton_fish":2,"minecraft:creeper":31,"minecraft:sheep":16,"born_in_chaos_v1:dread_hound":21,"alexsmobs:terrapin":9,"minecraft:stray":3,"alexsmobs:fly":4,"born_in_chaos_v1:siamese_skeletonsleft":3,"minecraft:vex":7,"born_in_chaos_v1:missioner":1,"born_in_chaos_v1:zombie_clown_not_despawn":1,"born_in_chaos_v1:zombie_bruiser":4,"born_in_chaos_v1:maggot":85,"minecraft:phantom":29,"alexsmobs:bison":1,"minecraft:drowned":15,"born_in_chaos_v1:corpse_fish":23,"born_in_chaos_v1:siamese_skeletons":2,"born_in_chaos_v1:fallen_chaos_knight":2,"faded_conquest_2:the_plauge_bringer":1,"born_in_chaos_v1:baby_skeleton":9,"born_in_chaos_v1:swarmer":4,"minecraft:bat":2,"minecraft:hoglin":5,"minecraft:squid":5,"alexsmobs:emu":1,"gamma_beasts:diamond_golem_a":1,"born_in_chaos_v1:decaying_zombie":3,"gamma_beasts:careyatros_c":1,"born_in_chaos_v1:bonescaller_not_despawn":2,"born_in_chaos_v1:nightmare_stalker":6,"minecraft:wither_skeleton":25},"minecraft:used":{"minecraft:beetroot":4,"minecraft:chiseled_deepslate":30,"farmersdelight:cabbage_seeds":99,"minecraft:poppy":1,"minecraft:chest":12,"create:tiled_glass":31,"fantasyfurniture:royal/floor_light":1,"rpgsmw:iron_sickle":348,"vinery:taiga_grape_seeds_red":23,"gamma_beasts:prehnite_pickaxe":535,"ironchest:iron_chest":7,"vinery:dark_cherry_sapling":43,"candlelight:tomato_seeds":69,"born_in_chaos_v1:smoked_flesh":46,"bakery:oat_seeds":75,"minecraft:grass_block":1,"farmersdelight:rotten_tomato":1,"minecraft:dark_oak_slab":12,"vinery:dark_cherry_planks":591,"create:small_calcite_brick_slab":41,"born_in_chaos_v1:fired_black_argillite":3,"minecraft:sweet_berries":69,"minecraft:cooked_cod":15,"minecraft:furnace":3,"minecraft:egg":1,"beachparty:palm_tall_torch":7,"minecraft:potato":400,"ironchest:dirt_chest":1,"minecraft:damaged_anvil":1,"create:crimsite":2,"minecraft:wooden_pickaxe":59,"brewery:corn_seeds":102,"minecraft:glow_berries":7,"minecraft:sand":30,"gamma_beasts:prehnite_axe":2061,"minecraft:blast_furnace":1,"tetra:modular_double":1,"farmersdelight:rice":2,"gamma_beasts:blackberry":30,"minecraft:deepslate_tiles":6,"jeg:recycler":1,"gamma_beasts:crystal_pearl":4,"scalinghealth:enchanted_heart":15,"minecraft:stone_button":4,"minecraft:spore_blossom":1,"beachparty:seashell":1,"rpgsmw:steel_knife":1084,"supplementaries:flax_seeds":22,"minecraft:wooden_sword":58,"minecraft:dark_oak_fence":44,"vinery:apple_log":99,"minecraft:white_stained_glass":106,"born_in_chaos_v1:dark_ritual_dagger":344,"hamsters:hamster_wheel":1,"create:framed_glass":850,"beachparty:coconut":1,"minecraft:stone_sword":194,"vinery:dark_cherry_slab":307,"born_in_chaos_v1:smoked_fish":50,"born_in_chaos_v1:fried_maggot":7,"minecraft:cooked_salmon":18,"rpgsmw:steel_sickle":1206,"minecraft:netherrack":1,"create:small_calcite_brick_wall":30,"minecraft:stick":4,"minecraft:torch":558,"create:ochrum":7,"minecraft:anvil":1,"tetra:modular_sword":2,"fantasyfurniture:bone/wither/chandelier":7,"tetra:scroll_rolled":4,"minecraft:fern":22,"minecraft:iron_axe":514,"minecraft:rooted_dirt":32,"fantasyfurniture:venthyr/floor_light":10,"born_in_chaos_v1:intoxicating_dagger":347,"born_in_chaos_v1:nightmare_scythe":399,"minecraft:barrel":12,"minecraft:tripwire_hook":1,"hamsters:hamster":3,"farmersdelight:tomato_seeds":44,"minecraft:cobbled_deepslate":7,"minecraft:cherry_log":8,"minecraft:pointed_dripstone":3,"minecraft:golden_axe":76,"minecraft:wheat_seeds":285,"alexsmobs:cooked_catfish":24,"born_in_chaos_v1:mint_ice_cream":3,"minecraft:water_bucket":139,"gamma_beasts:prehnite_sword":271,"born_in_chaos_v1:black_argillite_brick_stairs":6,"minecraft:mossy_cobblestone":1,"minecraft:crafting_table":5,"minecraft:dark_oak_fence_gate":7,"minecraft:white_bed":3,"minecraft:campfire":3,"minecraft:cake":6,"minecraft:spruce_log":1,"gamma_beasts:prehnite_shovel":1846,"minecraft:diamond_pickaxe":48,"rpgsmw:copper_sickle":281,"fantasyfurniture:decorations/necrolord_candelabra":2,"minecraft:iron_pickaxe":1673,"vinery:jungle_grape_seeds_white":3,"jeg:scrap_workbench":1,"create:copper_ladder":6,"scalinghealth:medkit":2,"fantasyfurniture:furniture_station":1,"bountiful:bountyboard":1,"minecraft:cobblestone":354,"minecraft:purple_bed":1,"vinery:cherry":46,"minecraft:cooked_porkchop":33,"minecraft:black_candle":1,"vinery:apple_tree_sapling":33,"minecraft:cherry_sapling":10,"minecraft:iron_shovel":1107,"minecraft:decorated_pot":6,"minecraft:iron_sword":1411,"vinery:jungle_grape_seeds_red":2,"minecraft:carrot":49,"minecraft:milk_bucket":2,"farmersdelight:sweet_berry_cookie":40,"born_in_chaos_v1:corpse_maggot":1,"minecraft:glass":46,"minecraft:lantern":81,"gamma_beasts:pear":6,"gamma_beasts:pear_bush":2,"minecraft:dark_oak_wood":2,"vinery:dark_cherry_log":102,"minecraft:crimson_roots":1,"minecraft:golden_sword":96,"farmersdelight:cutting_board":5,"minecraft:hay_block":48,"minecraft:written_book":2,"jeg:revolver":94,"fantasyfurniture:venthyr/chandelier":1,"create:polished_cut_calcite_wall":8,"minecraft:beetroot_seeds":43,"minecraft:dark_oak_sapling":3,"minecraft:golden_boots":1,"minecraft:dark_oak_stairs":46,"beachparty:cooked_mussel_meat":95,"minecraft:stone_pickaxe":558,"minecraft:oak_planks":46,"minecraft:diamond_axe":1561,"minecraft:sugar_cane":42,"fantasyfurniture:necrolord/chandelier":1,"vinery:dark_cherry_stairs":52,"farmersdelight:organic_compost":481,"hauntedharvest:kernels":50,"jeg:gunmetal_workbench":1,"minecraft:mushroom_stew":14,"gamma_beasts:cooked_meat":3,"minecraft:black_bed":32,"minecraft:dripstone_block":1,"minecraft:shears":4,"born_in_chaos_v1:dark_stained_glass":244,"minecraft:redstone_torch":3,"minecraft:bread":107,"minecraft:melon_slice":22,"minecraft:string":2,"vinery:flower_box":41,"fantasyfurniture:decorations/fairy_lights_1":2,"born_in_chaos_v1:marigolds":41,"beachparty:palm_torch_item":16,"brewery:hops_seeds":2,"born_in_chaos_v1:smoked_monster_flesh":48,"minecraft:gravel":25,"born_in_chaos_v1:mesh_door":2,"minecraft:chain":1,"minecraft:cooked_rabbit":1,"minecraft:bone_meal":454,"minecraft:golden_pickaxe":32,"minecraft:experience_bottle":2,"gamma_beasts:green_apple_bush":2,"minecraft:netherite_sword":311,"farmersdelight:diamond_knife":4650,"minecraft:flint_and_steel":331,"minecraft:redstone":1,"minecraft:stone_shovel":3276,"fantasyfurniture:decorations/royal_candelabra":28,"gamma_beasts:green_apple":32,"minecraft:spruce_planks":18,"farmersdelight:rich_soil":593,"minecraft:wooden_shovel":492,"supplementaries:sconce":65,"minecraft:cooked_chicken":7,"minecraft:stone_hoe":112,"minecraft:dirt":2617,"scalinghealth:heart_crystal":116,"fantasyfurniture:decorations/bronze_chain":5,"fantasyfurniture:bone/skeleton/wall_light":15,"minecraft:iron_hoe":276,"minecraft:dark_oak_planks":23,"hamsters:hamster_spawn_egg":1,"born_in_chaos_v1:black_argillite_column_slab":1,"minecraft:red_candle":4,"scalinghealth:power_crystal":9,"jeg:double_barrel_shotgun":15,"bakery:strawberry_seeds":62,"scalinghealth:bandages":2,"brewery:pretzel":27,"minecraft:cooked_beef":59,"fantasyfurniture:decorations/venthyr_candles":3,"minecraft:cooked_mutton":51,"supplementaries:candle_holder_red":21,"gamma_beasts:kiwi_bush":2,"minecraft:red_nether_bricks":1,"minecraft:baked_potato":172,"scalinghealth:chance_heart":3,"minecraft:brown_mushroom":134,"rpgsmw:stone_knife":143,"farmersdelight:onion":49,"hauntedharvest:corn_on_the_cob":10,"minecraft:red_mushroom":281,"bakery:strawberry":1,"minecraft:smoker":1,"minecraft:flower_pot":1,"minecraft:apple":284,"supplementaries:cage":1,"minecraft:golden_leggings":1,"minecraft:stone_axe":199,"tetra:modular_bow":275,"minecraft:bucket":139,"minecraft:pumpkin_pie":2,"alexsmobs:animal_dictionary":7,"fantasyfurniture:decorations/bone_candles":1,"vinery:red_grape_seeds":31,"vinery:taiga_grape_seeds_white":38},"minecraft:mined":{"minecraft:dark_oak_planks":18,"vinery:dark_cherry_slab":43,"born_in_chaos_v1:cultivated_pumpkin":4,"minecraft:white_bed":2,"fantasyfurniture:venthyr/floor_light":5,"minecraft:cherry_log":209,"gamma_beasts:pear_bush":1,"minecraft:potted_crimson_fungus":1,"faded_conquest_2:toxic_lantern":1,"minecraft:granite":259,"vinery:taiga_grape_bush_red":6,"minecraft:jungle_log":4,"fantasyfurniture:bone/wither/chandelier":3,"minecraft:coal_block":10,"minecraft:oxeye_daisy":9,"supplementaries:sconce_wall":7,"minecraft:spawner":24,"minecraft:weeping_vines_plant":5,"minecraft:tall_seagrass":1,"minecraft:magma_block":1,"minecraft:barrel":12,"minecraft:cobbled_deepslate":3,"minecraft:fire":11,"candlelight:tomato_crop":40,"minecraft:moss_carpet":1,"minecraft:pumpkin":10,"minecraft:deepslate_lapis_ore":16,"minecraft:enchanting_table":1,"vinery:taiga_grape_bush_white":16,"minecraft:cave_vines":6,"minecraft:oak_sign":7,"minecraft:dirt_path":2,"minecraft:light_gray_concrete":2,"minecraft:iron_block":2,"farmersdelight:rich_soil_farmland":98,"create:small_calcite_brick_wall":4,"beachparty:palm_torch":1,"minecraft:tripwire":3,"vinery:jungle_grape_bush_red":3,"minecraft:brown_mushroom":4,"brewery:wild_hops":4,"beachparty:palm_wall_torch":5,"minecraft:crimson_nylium":1,"minecraft:smoker":1,"scalinghealth:deepslate_heart_crystal_ore":9,"minecraft:torch":54,"minecraft:dark_oak_wood":6,"vinery:red_grape_bush":2,"minecraft:melon":4,"create:framed_glass":25,"create:scoria":157,"minecraft:dead_bush":2,"gamma_beasts:thin_spruce_log":1,"farmersdelight:cabbages":58,"minecraft:glass":6,"minecraft:sugar_cane":130,"minecraft:damaged_anvil":1,"minecraft:chain":1,"fantasyfurniture:decorations/bronze_chain":1,"minecraft:wheat":244,"minecraft:waxed_copper_block":1,"minecraft:pumpkin_stem":9,"minecraft:black_bed":30,"born_in_chaos_v1:black_argillite_brick":1,"minecraft:potted_poppy":1,"minecraft:grass":4846,"minecraft:smooth_quartz":5,"minecraft:mangrove_log":3,"minecraft:smooth_basalt":5,"minecraft:deepslate":168,"meds_and_herbs:cotton_plant":2,"minecraft:suspicious_gravel":1,"fantasyfurniture:venthyr/chandelier":1,"minecraft:attached_pumpkin_stem":1,"create:zinc_ore":30,"minecraft:deepslate_tiles":44,"born_in_chaos_v1:dark_stained_glass":39,"minecraft:mossy_cobblestone":4,"tetra:block_geode":1,"minecraft:stripped_birch_log":2,"create:small_calcite_brick_slab":1,"brewery:hops_crop_body":1,"vinery:dark_cherry_planks":366,"bakery:oat_crop":46,"minecraft:dark_oak_fence":12,"minecraft:allium":4,"born_in_chaos_v1:black_argillite":60,"minecraft:crimson_roots":1,"vinery:dark_cherry_sapling":6,"minecraft:redstone_wire":1,"meds_and_herbs:wild_belladonna":2,"beachparty:coconut_hanging":1,"minecraft:black_stained_glass_pane":1,"gamma_beasts:thin_birch_log":6,"minecraft:packed_mud":2,"supplementaries:flax":22,"minecraft:snow":38,"minecraft:andesite":1,"minecraft:potatoes":362,"ironchest:iron_chest":1,"minecraft:white_wool":1,"jeg:scrap_ore":135,"minecraft:soul_sand":18,"minecraft:dandelion":13,"gamma_beasts:abedul_hoja_1":9,"minecraft:cornflower":22,"minecraft:emerald_ore":2,"gamma_beasts:green_apple_bush":1,"candlelight:wild_tomatoes":3,"minecraft:tall_grass":273,"minecraft:copper_ore":53,"minecraft:deepslate_gold_ore":18,"farmersdelight:wild_tomatoes":10,"supplementaries:sconce":2,"jeg:deepslate_scrap_ore":46,"minecraft:black_stained_glass":9,"minecraft:purple_bed":2,"minecraft:spruce_log":2,"minecraft:birch_leaves":6,"hauntedharvest:corn_base":22,"tetra:scroll_open":4,"minecraft:mangrove_leaves":2,"faded_conquest_2:terrible_tensummon":1,"minecraft:sunflower":12,"minecraft:gravel":37,"minecraft:dripstone_block":2,"minecraft:cobweb":72,"minecraft:acacia_planks":4,"minecraft:stone_bricks":2,"minecraft:gold_ore":20,"minecraft:infested_stone":1,"minecraft:fern":19,"fantasyfurniture:necrolord/chandelier":1,"create:deepslate_zinc_ore":34,"minecraft:spruce_planks":10,"gamma_beasts:roble_hoja_1":1,"farmersdelight:rich_soil":496,"minecraft:farmland":43,"vinery:dark_cherry_leaves":40,"minecraft:cobblestone_stairs":1,"gamma_beasts:kiwi_bush_3":1,"minecraft:grass_block":2727,"create:tiled_glass":31,"vinery:apple_log":218,"beachparty:seashell_block":30,"supplementaries:ash":285,"minecraft:iron_ore":175,"born_in_chaos_v1:black_argillite_brick_stairs":6,"minecraft:potted_red_mushroom":2,"minecraft:azure_bluet":12,"minecraft:dark_oak_stairs":16,"create:asurine":1,"minecraft:pointed_dripstone":3,"fantasyfurniture:decorations/royal_candelabra":12,"supplementaries:stick":2,"minecraft:azalea_leaves":1,"minecraft:spruce_slab":4,"meds_and_herbs:wild_vinca":2,"minecraft:deepslate_redstone_ore":16,"minecraft:gray_terracotta":8,"hauntedharvest:corn_middle":6,"minecraft:blackstone":1,"farmersdelight:organic_compost":30,"gamma_beasts:pear_bush_3":1,"amendments:tool_hook":1,"fantasyfurniture:bone/skeleton/wall_light":3,"minecraft:chiseled_quartz_block":2,"minecraft:clay":50,"minecraft:calcite":196,"minecraft:poppy":14,"minecraft:chest":5,"born_in_chaos_v1:black_argillite_column_slab":1,"supplementaries:wild_flax":3,"farmersdelight:brown_mushroom_colony":76,"minecraft:cobblestone":61,"minecraft:oak_planks":27,"minecraft:wall_torch":39,"ironchest:dirt_chest":1,"fantasyfurniture:decorations/necrolord_candelabra":2,"minecraft:red_candle":2,"minecraft:birch_log":3,"farmersdelight:cutting_board":3,"born_in_chaos_v1:fired_black_argillite":3,"born_in_chaos_v1:river_mint":13,"minecraft:orange_tulip":10,"minecraft:smooth_stone_slab":60,"minecraft:oak_log":1,"minecraft:beetroots":22,"minecraft:sand":150,"minecraft:dirt":2650,"fantasyfurniture:decorations/fairy_lights_1":2,"vinery:apple_leaves":714,"minecraft:netherrack":2,"create:crimsite":2,"minecraft:oak_leaves":2,"farmersdelight:onions":21,"minecraft:dark_oak_leaves":2,"gamma_beasts:green_apple_bush_2":1,"minecraft:crying_obsidian":7,"minecraft:tuff":10,"minecraft:deepslate_diamond_ore":3,"minecraft:stripped_cherry_log":1,"meds_and_herbs:plantago":27,"minecraft:mangrove_roots":1,"gamma_beasts:roblo_hoja":1,"born_in_chaos_v1:infected_diamond_ore":12,"minecraft:decorated_pot":16,"minecraft:weeping_vines":1,"minecraft:white_stained_glass":4,"create:ochrum":7,"farmersdelight:tomatoes":22,"minecraft:birch_slab":1,"minecraft:spruce_leaves":14,"farmersdelight:red_mushroom_colony":198,"minecraft:hay_block":30,"minecraft:large_fern":24,"minecraft:furnace":2,"minecraft:carrots":19,"minecraft:raw_gold_block":2,"gamma_beasts:prehnite_ore":35,"bakery:strawberry_crop":40,"minecraft:dark_oak_fence_gate":1,"minecraft:chiseled_deepslate":4,"treechop:chopped_log":1051,"minecraft:peony":1,"minecraft:gold_block":1,"gamma_beasts:acacia_hoja":5,"minecraft:deepslate_iron_ore":50,"fantasyfurniture:royal/floor_light":1,"minecraft:lantern":1,"crittersandcompanions:silk_cocoon":9,"vinery:dark_cherry_stairs":1,"minecraft:stripped_oak_log":3,"supplementaries:candle_holder_red":14,"minecraft:stone":365,"minecraft:white_tulip":12,"minecraft:redstone_wall_torch":2,"born_in_chaos_v1:mesh_door":2,"gamma_beasts:abeto_hoja":9,"gamma_beasts:lemon_bush":2,"born_in_chaos_v1:marigolds":21,"gamma_beasts:pear_bush_2":1,"vinery:dark_cherry_log":63,"minecraft:crafting_table":3,"gamma_beasts:acacia_hoja_1":18,"gamma_beasts:abeto_hoja_1":17,"bakery:wild_strawberries":2,"brewery:corn_crop":72,"minecraft:rose_bush":2,"minecraft:deepslate_coal_ore":27,"minecraft:lapis_ore":14,"supplementaries:urn":22,"gamma_beasts:abedul_hojas":4,"gamma_beasts:deepslate_prehnite_ore":1,"rpgsmw:mineral_ore":2,"minecraft:redstone_torch":3,"minecraft:sweet_berry_bush":48,"minecraft:ice":59,"minecraft:mangrove_planks":1,"minecraft:bee_nest":3,"gamma_beasts:thin_oak_log":6,"minecraft:coal_ore":521,"minecraft:cocoa":4,"minecraft:cherry_leaves":148,"vinery:jungle_grape_bush_white":8,"minecraft:cyan_carpet":1,"vinery:flower_box":21,"meds_and_herbs:aloe_plant":3,"beachparty:palm_tall_torch":5},"minecraft:killed_by":{"minecraft:slime":1,"minecraft:player":5},"minecraft:broken":{"minecraft:golden_boots":3,"minecraft:wooden_shovel":2,"minecraft:iron_boots":4,"minecraft:iron_chestplate":1,"minecraft:chainmail_boots":1,"minecraft:golden_sword":3,"alexsmobs:crocodile_chestplate":1,"minecraft:wooden_sword":1,"minecraft:iron_sword":5,"born_in_chaos_v1:damned_demomans_hat_helmet":1,"minecraft:iron_hoe":1,"minecraft:leather_helmet":4,"rpgsmw:steel_assassin_armour_leggings":3,"minecraft:stone_sword":1,"minecraft:diamond_leggings":1,"minecraft:chainmail_helmet":2,"rpgsmw:steel_sickle":2,"rpgsmw:steel_knife":1,"minecraft:wooden_pickaxe":1,"minecraft:iron_axe":5,"minecraft:iron_pickaxe":7,"minecraft:iron_helmet":2,"gamma_beasts:prehnite_axe":9,"minecraft:golden_helmet":2,"minecraft:iron_shovel":4,"rpgsmw:stone_knife":1,"minecraft:leather_leggings":4,"rpgsmw:steel_assassin_armour_chestplate":3,"minecraft:golden_leggings":3,"minecraft:stone_pickaxe":4,"gamma_beasts:prehnite_sword":1,"minecraft:stone_axe":2,"minecraft:stone_shovel":24,"rpgsmw:copper_sickle":2,"gamma_beasts:prehnite_shovel":6,"minecraft:flint_and_steel":5,"gamma_beasts:prehnite_pickaxe":2,"minecraft:leather_chestplate":7,"rpgsmw:steel_assassin_armour_helmet":3,"minecraft:golden_axe":2,"minecraft:diamond_axe":1,"rpgsmw:steel_assassin_armour_boots":2,"minecraft:leather_boots":16,"minecraft:golden_pickaxe":1,"rpgsmw:iron_sickle":1,"minecraft:netherite_sword":2},"minecraft:custom":{"minecraft:interact_with_crafting_table":309,"minecraft:open_barrel":167,"minecraft:eat_cake_slice":22,"minecraft:leave_game":45,"minecraft:time_since_death":379759,"minecraft:play_time":3236946,"minecraft:deaths":38,"minecraft:jump":22991,"minecraft:enchant_item":7,"minecraft:interact_with_furnace":244,"minecraft:traded_with_villager":15,"minecraft:sleep_in_bed":174,"minecraft:damage_dealt":382878,"minecraft:interact_with_smoker":80,"minecraft:inspect_dispenser":1,"minecraft:interact_with_smithing_table":1,"minecraft:interact_with_anvil":5,"minecraft:damage_dealt_absorbed":324,"minecraft:sneak_time":128900,"minecraft:interact_with_blast_furnace":221,"minecraft:total_world_time":3236946,"minecraft:interact_with_stonecutter":43,"minecraft:time_since_rest":40906,"minecraft:swim_one_cm":731276,"minecraft:fly_one_cm":9862026,"minecraft:open_chest":1726,"minecraft:fall_one_cm":377758,"minecraft:animals_bred":7,"minecraft:damage_resisted":7659,"minecraft:sprint_one_cm":11803438,"minecraft:drop":955,"minecraft:talked_to_villager":47,"minecraft:walk_on_water_one_cm":682177,"minecraft:crouch_one_cm":457726,"minecraft:mob_kills":1071,"minecraft:interact_with_campfire":324,"minecraft:damage_dealt_resisted":30430,"minecraft:climb_one_cm":75685,"minecraft:walk_one_cm":8433017,"minecraft:walk_under_water_one_cm":464920,"minecraft:damage_taken":129695},"minecraft:crafted":{"minecraft:black_dye":7,"rpgsmw:blue_fabric":28,"minecraft:smooth_stone":3,"supplementaries:candle_holder_red":5,"minecraft:lever":2,"vinery:jungle_grape_seeds_white":14,"minecraft:cooked_mutton":11,"minecraft:glass":1113,"born_in_chaos_v1:fired_black_argillite":55,"minecraft:gray_stained_glass":24,"scalinghealth:power_crystal":9,"born_in_chaos_v1:dark_stained_glass":180,"minecraft:emerald":15,"minecraft:cooked_porkchop":95,"vinery:dark_cherry_planks":520,"skilltree:gem":8,"minecraft:copper_ingot":280,"farmersdelight:organic_compost":446,"vinery:taiga_grape_seeds_red":18,"minecraft:iron_pickaxe":3,"sereneseasons:calendar":1,"minecraft:gold_ingot":87,"vinery:flower_box":16,"farmersdelight:onion":18,"minecraft:stone_shovel":23,"minecraft:smooth_stone_slab":6,"minecraft:iron_nugget":819,"candlelight:rose":6,"jeg:gunmetal_grit":286,"minecraft:vine":2,"minecraft:bone_meal":1992,"rpgsmw:poison_crossbow_bolt":128,"minecraft:pink_dye":2,"born_in_chaos_v1:smoked_monster_flesh":0,"born_in_chaos_v1:pieceofdarkmetal":9,"minecraft:lantern":74,"minecraft:diamond":4,"minecraft:dark_oak_fence":36,"supplementaries:sconce":52,"minecraft:dark_oak_planks":148,"minecraft:wheat":27,"gamma_beasts:prehnite_axe":4,"rpgsmw:steel":136,"fantasyfurniture:venthyr/floor_light":3,"sophisticatedbackpacks:gold_backpack":1,"minecraft:bone":54,"minecraft:glowstone":5,"fantasyfurniture:bone/skeleton/wall_light":9,"minecraft:white_stained_glass":112,"beachparty:cooked_mussel_meat":42,"bakery:strawberry_seeds":18,"create:tiled_glass":1,"minecraft:oak_planks":266,"minecraft:cooked_chicken":19,"minecraft:stone":2,"create:polished_cut_calcite_wall":4,"rpgsmw:steelnugget":18,"jeg:gunmetal_ingot":31,"born_in_chaos_v1:dark_metal_ingot":0,"meds_and_herbs:seeds_belladonna":1,"rpgsmw:default_crossbow_bolt":56,"minecraft:chest":6,"gamma_beasts:pear_bush":1,"rpgsmw:woodenfiber":10,"born_in_chaos_v1:pileof_dark_metal":1,"rpgsmw:steel_assassin_armour_leggings":2,"born_in_chaos_v1:smoked_fish":50,"minecraft:spruce_planks":70,"minecraft:baked_potato":180,"minecraft:birch_planks":8,"vinery:red_grape":1,"farmersdelight:cutting_board":1,"minecraft:dark_oak_slab":78,"minecraft:paper":9,"minecraft:stick":84,"minecraft:iron_ingot":498,"vinery:red_grape_seeds":28,"minecraft:dark_oak_fence_gate":1,"minecraft:cherry_planks":4,"create:small_calcite_brick_slab":38,"minecraft:redstone":63,"minecraft:raw_iron":18,"minecraft:coal":108,"minecraft:leather_boots":4,"brewery:pretzel":54,"minecraft:furnace":1,"minecraft:blast_furnace":1,"minecraft:gray_dye":12,"ironchest:dirt_chest":1,"gamma_beasts:prehnite_shovel":3,"minecraft:flint_and_steel":4,"create:copper_ladder":14,"minecraft:leather":38,"vinery:dark_cherry_stairs":16,"minecraft:iron_axe":1,"minecraft:iron_hoe":1,"candlelight:tomato_seeds":9,"sophisticatedbackpacks:iron_backpack":1,"minecraft:cooked_beef":35,"minecraft:sugar":84,"vinery:dark_cherry_slab":222,"minecraft:cooked_cod":0,"skilltree:bone_quiver":5,"minecraft:iron_sword":3,"minecraft:cooked_salmon":1,"create:small_calcite_brick_wall":1,"scalinghealth:heart_crystal":13,"hauntedharvest:kernels":156,"hauntedharvest:corn_on_the_cob":10,"minecraft:air":0,"farmersdelight:sweet_berry_cookie":72,"minecraft:bread":1,"beachparty:palm_torch_item":12,"minecraft:blue_dye":7,"vinery:taiga_grape_seeds_white":48,"minecraft:white_wool":4,"hauntedharvest:candy_corn":87,"minecraft:white_dye":18,"minecraft:raw_gold":9,"minecraft:blue_wool":12,"jeg:gunmetal_nugget":249,"minecraft:torch":576,"ironchest:iron_chest":4},"minecraft:dropped":{"sophisticatedbackpacks:iron_backpack":1,"minecraft:iron_sword":7,"minecraft:stripped_mangrove_wood":1,"crittersandcompanions:clam":10,"minecraft:cooked_beef":47,"minecraft:glow_ink_sac":3,"minecraft:cooked_porkchop":66,"rpgsmw:steel_paladin_armour_chestplate":3,"minecraft:archer_pottery_sherd":1,"born_in_chaos_v1:nightmare_claw":4,"minecraft:item_frame":1,"minecraft:red_mushroom":468,"minecraft:cut_sandstone_slab":2,"born_in_chaos_v1:damned_demomans_hat_helmet":3,"minecraft:emerald":6,"sophisticatedbackpacks:gold_backpack":1,"born_in_chaos_v1:nightmare_stalker_skull":1,"minecraft:dirt":3255,"born_in_chaos_v1:monster_flesh":1,"minecraft:packed_mud":4,"minecraft:grass":2,"gamma_beasts:book":1,"minecraft:stone_button":3,"faded_conquest_2:key_of_conquest":1,"alexsmobs:flying_fish":2,"minecraft:bone_meal":1,"minecraft:sunflower":12,"born_in_chaos_v1:death_totem":1,"minecraft:sand":67,"scalinghealth:chance_heart":5,"minecraft:white_wool":5,"minecraft:fishing_rod":1,"minecraft:cyan_carpet":3,"minecraft:bone":32,"minecraft:sugar_cane":1,"minecraft:cooked_chicken":32,"vinery:taiga_grape_seeds_red":4,"minecraft:cobbled_deepslate":71,"minecraft:pink_dye":2,"minecraft:wheat":63,"minecraft:rotten_flesh":141,"born_in_chaos_v1:smoked_flesh":9,"minecraft:oak_planks":102,"create:asurine":1,"alexsmobs:emu_egg":1,"minecraft:waxed_copper_block":1,"minecraft:mangrove_fence":1,"beachparty:rubber_ring_axolotl":1,"supplementaries:flax_seeds":4,"minecraft:deepslate_tiles":246,"minecraft:jungle_log":8,"minecraft:arms_up_pottery_sherd":3,"minecraft:acacia_sapling":1,"minecraft:leather_leggings":1,"minecraft:red_nether_bricks":1,"minecraft:glass":8,"minecraft:beef":2,"toms_storage:ts.tag_item_filter":1,"born_in_chaos_v1:marigolds":1,"minecraft:enchanted_book":1,"minecraft:iron_ingot":48,"vinery:flower_box":3,"minecraft:cherry_fence":1,"minecraft:egg":6,"born_in_chaos_v1:shattered_skull":1,"minecraft:wheat_seeds":797,"born_in_chaos_v1:scorched_planks_fence":3,"minecraft:mangrove_trapdoor":1,"minecraft:dripstone_block":1,"minecraft:feather":1,"minecraft:cobblestone":389,"minecraft:apple":2,"rpgsmw:steel_paladin_armour_leggings":3,"minecraft:deepslate_tile_slab":150,"minecraft:coal":55,"rpgsmw:steel_paladin_armour_helmet":3,"vinery:apple_log":132,"skilltree:gem":3,"minecraft:cherry_planks":65,"minecraft:cooked_salmon":1,"minecraft:potion":3,"minecraft:stripped_birch_log":2,"minecraft:white_banner":1,"minecraft:angler_pottery_sherd":1,"minecraft:paper":2,"minecraft:string":10,"minecraft:spruce_sapling":10,"minecraft:acacia_planks":4,"vinery:cherry":21,"minecraft:player_head":1,"minecraft:stone_sword":2,"minecraft:smooth_stone_slab":39,"born_in_chaos_v1:rotten_fish":25,"minecraft:clay_ball":16,"minecraft:iron_boots":1,"sophisticatedbackpacks:backpack":1,"skilltree:iron_ring":1,"minecraft:cherry_slab":38,"minecraft:light_gray_concrete":2,"gamma_beasts:blackberry":3,"minecraft:oak_sign":8,"minecraft:pumpkin_seeds":1,"crittersandcompanions:silk":14,"minecraft:flower_pot":1,"rpgsmw:iron_one_handed_crossbow":1,"minecraft:spruce_planks":40,"minecraft:diamond_pickaxe":1,"vinery:apple_tree_sapling":249,"meds_and_herbs:bark_cherry":4,"born_in_chaos_v1:bloody_gadfly_eye":3,"rpgsmw:copper_spear":1,"tetra:modular_bow":1,"minecraft:stone_bricks":1,"minecraft:barrel":3,"minecraft:spider_eye":11,"rpgsmw:steel_greatsword":2,"minecraft:bow":5,"skilltree:golden_ring":1,"scalinghealth:bandages":2,"jeg:semi_auto_rifle":4,"minecraft:spruce_sign":1,"minecraft:brown_mushroom":57,"minecraft:warped_fungus":3,"minecraft:oak_log":9,"minecraft:baked_potato":104,"fantasyfurniture:decorations/venthyr_candles":4,"rpgsmw:steel_paladin_armour_boots":3,"minecraft:decorated_pot":2,"minecraft:deepslate_tile_wall":28,"minecraft:leather":6,"rpgsmw:woodenfiber":2,"minecraft:mangrove_planks":1,"gamma_beasts:birch_leaf":1,"gamma_beasts:accumulator_bag_cristal_pearl":1,"minecraft:birch_slab":1,"minecraft:deepslate_tile_stairs":36,"minecraft:dark_oak_log":12,"gamma_beasts:thin_jungle_log":3,"minecraft:cornflower":2,"minecraft:snowball":3,"farmersdelight:sweet_berry_cookie":72,"minecraft:birch_log":2,"minecraft:gold_ingot":58,"minecraft:gravel":13,"minecraft:crimson_fungus":1,"minecraft:blackstone":1,"bountiful:bounty":1,"minecraft:mangrove_roots":2,"beachparty:seashell":1,"minecraft:cherry_sapling":522,"skilltree:assassin_necklace":1,"fantasyfurniture:decorations/fairy_lights_1":1,"minecraft:fern":3,"faded_conquest_2:summon_blocknight":3,"minecraft:cooked_mutton":15,"jeg:rifle_ammo":24,"minecraft:carrot":2,"minecraft:mangrove_sign":1,"ironchest:dirt_chest":1,"supplementaries:antique_ink":3,"minecraft:leather_chestplate":1,"minecraft:poppy":1,"minecraft:rabbit_hide":3,"supplementaries:ash":78,"tetra:modular_sword":16,"minecraft:gunpowder":39,"brewery:pretzel":27,"minecraft:blade_pottery_sherd":1,"born_in_chaos_v1:corpse_maggot":239,"faded_conquest_2:keyof_pestilence":1,"minecraft:arrow":8,"minecraft:written_book":1,"minecraft:bread":9,"minecraft:mossy_cobblestone":4,"tetra:scroll_rolled":1,"create:copper_ladder":2,"minecraft:cherry_log":324,"gamma_beasts:oak_leaf":11,"gamma_beasts:coal_nugget":25,"scalinghealth:cursed_heart":10,"vinery:dark_cherry_planks":40,"minecraft:poisonous_potato":6,"scalinghealth:heart_crystal_shard":18,"gamma_beasts:thin_birch_log":6,"born_in_chaos_v1:charmof_power":1,"minecraft:spruce_stairs":1,"minecraft:grass_block":8,"minecraft:stick":352,"minecraft:torch":15,"minecraft:smooth_quartz":5,"born_in_chaos_v1:fused_bone":5,"minecraft:zombie_head":1,"minecraft:iron_axe":1,"minecraft:bucket":1,"minecraft:smooth_basalt":9,"minecraft:kelp":3,"minecraft:sweet_berries":51,"alexsmobs:maggot":10,"minecraft:coarse_dirt":2,"minecraft:chiseled_quartz_block":2,"minecraft:tuff":3,"born_in_chaos_v1:smoked_monster_flesh":1,"rpgsmw:steel_knife":1,"minecraft:smoker":1,"minecraft:stripped_oak_log":12,"rpgsmw:crossbow_bolt_model":34,"beachparty:cooked_mussel_meat":32,"gamma_beasts:green_apple":31,"minecraft:flint_and_steel":1,"minecraft:gray_terracotta":6,"minecraft:andesite":1,"minecraft:purple_bed":3,"brewery:hops_seeds":10,"minecraft:stone_pickaxe":3,"minecraft:calcite":2,"gamma_beasts:jungle_leaf":2}},"DataVersion":3465}